Got error from yahoo api for ticker AABA, Error: {'code': 'Not Found', 'description': 'No data found, symbol may be delisted'}
$AABA: possibly delisted; no timezone found
Got error from yahoo api for ticker AAC, Error: {'code': 'Not Found', 'description': 'No data found, symbol may be delisted'}
$AAC: possibly delisted; no timezone found
Got error from yahoo api for ticker AAMC, Error: {'code': 'Not Found', 'description': 'No data found, symbol may be delisted'}
$AAMC: possibly delisted; no timezone found
Got error from yahoo api for ticker AAN, Error: {'code': 'Not Found', 'description': 'No data found, symbol may be delisted'}
$AAN: possibly delisted; no timezone found
Got error from yahoo api for ticker AAU, Error: {'code': 'Not Found', 'description': 'No data found, symbol may be delisted'}
$AAU: possibly delisted; no timezone found
$AAV: possibly delisted; no price data found  (1d 2017-11-10 -> 2026-08-23) (Yahoo error = "No data found, symbol may be delisted")
Got error from yahoo api for ticker AAWW, Error: {'code': 'Not Found', 'description': 'No data found, symbol may be delisted'}
$AAWW: possibly delisted; no timezone found
Got error from yahoo api for ticker AAXN, Error: {'code': 'Not Found', 'description': 'No data found, symbol may be delisted'}
$AAXN: possibly delisted; no timezone found
$ABAC: possibly delisted; no price data found  (1d 2017-11-10 -> 2026-08-23)
$ABAX: possibly delisted; no price data found  (1d 2017-11-10 -> 2026-08-23)
Got error from yahoo api for ticker ABB, Error: {'code': 'Not Found', 'description': 'No data found, symbol may be delisted'}
$ABB: possibly delisted; no timezone found
Got error from yahoo api for ticker ABC, Error: {'code': 'Not Found', 'description': 'No data found, symbol may be delisted'}
$ABC: possibly delisted; no timezone found
$ABCD: possibly delisted; no price data found  (1d 2018-12-27 -> 2026-08-23)
$ABCO: possibly delisted; no price data found  (1d 2017-11-10 -> 2026-08-23)
Got error from yahoo api for ticker ABDC, Error: {'code': 'Not Found', 'description': 'No data found, symbol may be delisted'}
$ABDC: possibly delisted; no timezone found
$ABE: possibly delisted; no price data found  (1d 2018-04-30 -> 2026-08-23)
Got error from yahoo api for ticker ABEOW, Error: {'code': 'Not Found', 'description': 'No data found, symbol may be delisted'}
$ABEOW: possibly delisted; no timezone found
Got error from yahoo api for ticker ABIL, Error: {'code': 'Not Found', 'description': 'No data found, symbol may be delisted'}
$ABIL: possibly delisted; no timezone found
Got error from yahoo api for ticker ABIO, Error: {'code': 'Not Found', 'description': 'No data found, symbol may be delisted'}
$ABIO: possibly delisted; no timezone found
$ABLX: possibly delisted; no price data found  (1d 2017-11-10 -> 2026-08-23)
Got error from yahoo api for ticker ABMD, Error: {'code': 'Not Found', 'description': 'No data found, symbol may be delisted'}
$ABMD: possibly delisted; no timezone found
Got error from yahoo api for ticker ABRN, Error: {'code': 'Not Found', 'description': 'No data found, symbol may be delisted'}
$ABRN: possibly delisted; no timezone found
Got error from yahoo api for ticker ABR_A, Error: {'code': 'Not Found', 'description': 'No data found, symbol may be delisted'}
$ABR_A: possibly delisted; no timezone found
Got error from yahoo api for ticker ABR_B, Error: {'code': 'Not Found', 'description': 'No data found, symbol may be delisted'}
$ABR_B: possibly delisted; no timezone found
Got error from yahoo api for ticker ABR_C, Error: {'code': 'Not Found', 'description': 'No data found, symbol may be delisted'}
$ABR_C: possibly delisted; no timezone found
Got error from yahoo api for ticker ABTX, Error: {'code': 'Not Found', 'description': 'No data found, symbol may be delisted'}
$ABTX: possibly delisted; no timezone found
$ABY: possibly delisted; no price data found  (1d 2017-11-10 -> 2026-08-23) (Yahoo error = "No data found, symbol may be delisted")
Got error from yahoo api for ticker AC, Error: {'code': 'Not Found', 'description': 'No data found, symbol may be delisted'}
$AC: possibly delisted; no timezone found
Got error from yahoo api for ticker ACBI, Error: {'code': 'Not Found', 'description': 'No data found, symbol may be delisted'}
$ACBI: possibly delisted; no timezone found
Got error from yahoo api for ticker ACC, Error: {'code': 'Not Found', 'description': 'No data found, symbol may be delisted'}
$ACC: possibly delisted; no timezone found
Got error from yahoo api for ticker ACER, Error: {'code': 'Not Found', 'description': 'No data found, symbol may be delisted'}
$ACER: possibly delisted; no timezone found
Got error from yahoo api for ticker ACERW, Error: {'code': 'Not Found', 'description': 'No data found, symbol may be delisted'}
$ACERW: possibly delisted; no timezone found
$ACFC: possibly delisted; no price data found  (1d 2017-11-10 -> 2026-08-23)
Got error from yahoo api for ticker ACGLP, Error: {'code': 'Not Found', 'description': 'No data found, symbol may be delisted'}
$ACGLP: possibly delisted; no timezone found
Got error from yahoo api for ticker ACHN, Error: {'code': 'Not Found', 'description': 'No data found, symbol may be delisted'}
$ACHN: possibly delisted; no timezone found
Got error from yahoo api for ticker ACIA, Error: {'code': 'Not Found', 'description': 'No data found, symbol may be delisted'}
$ACIA: possibly delisted; no timezone found
Got error from yahoo api for ticker ACOR, Error: {'code': 'Not Found', 'description': 'No data found, symbol may be delisted'}
$ACOR: possibly delisted; no timezone found
Got error from yahoo api for ticker ACRX, Error: {'code': 'Not Found', 'description': 'No data found, symbol may be delisted'}
$ACRX: possibly delisted; no timezone found
Got error from yahoo api for ticker ACSF, Error: {'code': 'Not Found', 'description': 'No data found, symbol may be delisted'}
$ACSF: possibly delisted; no timezone found
Got error from yahoo api for ticker ACST, Error: {'code': 'Not Found', 'description': 'No data found, symbol may be delisted'}
$ACST: possibly delisted; no timezone found
$ACTA: possibly delisted; no price data found  (1d 2018-04-19 -> 2026-08-23)
$ACXM: possibly delisted; no price data found  (1d 2017-11-10 -> 2026-08-23)
Got error from yahoo api for ticker ACY, Error: {'code': 'Not Found', 'description': 'No data found, symbol may be delisted'}
$ACY: possibly delisted; no timezone found
Got error from yahoo api for ticker ADAP, Error: {'code': 'Not Found', 'description': 'No data found, symbol may be delisted'}
$ADAP: possibly delisted; no timezone found
Got error from yahoo api for ticker ADES, Error: {'code': 'Not Found', 'description': 'No data found, symbol may be delisted'}
$ADES: possibly delisted; no timezone found
$ADHD: possibly delisted; no price data found  (1d 2017-11-10 -> 2026-08-23)
Got error from yahoo api for ticker ADMP, Error: {'code': 'Not Found', 'description': 'No data found, symbol may be delisted'}
$ADMP: possibly delisted; no timezone found
Got error from yahoo api for ticker ADMS, Error: {'code': 'Not Found', 'description': 'No data found, symbol may be delisted'}
$ADMS: possibly delisted; no timezone found
Got error from yahoo api for ticker ADOM, Error: {'code': 'Not Found', 'description': 'No data found, symbol may be delisted'}
$ADOM: possibly delisted; no timezone found
Got error from yahoo api for ticker ADRA, Error: {'code': 'Not Found', 'description': 'No data found, symbol may be delisted'}
$ADRA: possibly delisted; no timezone found
$ADRD: possibly delisted; no price data found  (1d 2020-02-27 -> 2026-08-23)
$ADRE: possibly delisted; no price data found  (1d 2023-04-06 -> 2026-08-23)
Got error from yahoo api for ticker ADRO, Error: {'code': 'Not Found', 'description': 'No data found, symbol may be delisted'}
$ADRO: possibly delisted; no timezone found
Got error from yahoo api for ticker ADS, Error: {'code': 'Not Found', 'description': 'No data found, symbol may be delisted'}
$ADS: possibly delisted; no timezone found
Got error from yahoo api for ticker ADSW, Error: {'code': 'Not Found', 'description': 'No data found, symbol may be delisted'}
$ADSW: possibly delisted; no timezone found
Got error from yahoo api for ticker ADVM, Error: {'code': 'Not Found', 'description': 'No data found, symbol may be delisted'}
$ADVM: possibly delisted; no timezone found
Got error from yahoo api for ticker ADXS, Error: {'code': 'Not Found', 'description': 'No data found, symbol may be delisted'}
$ADXS: possibly delisted; no timezone found
Got error from yahoo api for ticker ADXSW, Error: {'code': 'Not Found', 'description': 'No data found, symbol may be delisted'}
$ADXSW: possibly delisted; no timezone found
Got error from yahoo api for ticker AE, Error: {'code': 'Not Found', 'description': 'No data found, symbol may be delisted'}
$AE: possibly delisted; no timezone found
Got error from yahoo api for ticker AEGN, Error: {'code': 'Not Found', 'description': 'No data found, symbol may be delisted'}
$AEGN: possibly delisted; no timezone found
$AEH: possibly delisted; no price data found  (1d 2019-10-23 -> 2026-08-23) (Yahoo error = "No data found, symbol may be delisted")
Got error from yahoo api for ticker AEK, Error: {'code': 'Not Found', 'description': 'No data found, symbol may be delisted'}
$AEK: possibly delisted; no timezone found
Got error from yahoo api for ticker AEL, Error: {'code': 'Not Found', 'description': 'No data found, symbol may be delisted'}
$AEL: possibly delisted; no timezone found
Got error from yahoo api for ticker AERI, Error: {'code': 'Not Found', 'description': 'No data found, symbol may be delisted'}
$AERI: possibly delisted; no timezone found
$AET: possibly delisted; no price data found  (1d 2017-11-10 -> 2026-08-23)
Got error from yahoo api for ticker AETI, Error: {'code': 'Not Found', 'description': 'No data found, symbol may be delisted'}
$AETI: possibly delisted; no timezone found
$AEUA: possibly delisted; no price data found  (1d 2017-11-10 -> 2026-08-23)
Got error from yahoo api for ticker AEY, Error: {'code': 'Not Found', 'description': 'No data found, symbol may be delisted'}
$AEY: possibly delisted; no timezone found
Got error from yahoo api for ticker AEZS, Error: {'code': 'Not Found', 'description': 'No data found, symbol may be delisted'}
$AEZS: possibly delisted; no timezone found
$AFAM: possibly delisted; no price data found  (1d 2018-03-29 -> 2026-08-23)
Got error from yahoo api for ticker AFC, Error: {'code': 'Not Found', 'description': 'No data found, symbol may be delisted'}
$AFC: possibly delisted; no timezone found
Got error from yahoo api for ticker AFGH, Error: {'code': 'Not Found', 'description': 'No data found, symbol may be delisted'}
$AFGH: possibly delisted; no timezone found
Got error from yahoo api for ticker AFH, Error: {'code': 'Not Found', 'description': 'No data found, symbol may be delisted'}
$AFH: possibly delisted; no timezone found
Got error from yahoo api for ticker AFHBL, Error: {'code': 'Not Found', 'description': 'No data found, symbol may be delisted'}
$AFHBL: possibly delisted; no timezone found
Got error from yahoo api for ticker AFI, Error: {'code': 'Not Found', 'description': 'No data found, symbol may be delisted'}
$AFI: possibly delisted; no timezone found
$AFMD: possibly delisted; no price data found  (1d 2017-11-10 -> 2026-08-23) (Yahoo error = "No data found, symbol may be delisted")
Got error from yahoo api for ticker AFSD, Error: {'code': 'Not Found', 'description': 'No data found, symbol may be delisted'}
$AFSD: possibly delisted; no timezone found
$AFSI: possibly delisted; no price data found  (1d 2018-12-10 -> 2026-08-23)
Got error from yahoo api for ticker AFSI_A, Error: {'code': 'Not Found', 'description': 'No data found, symbol may be delisted'}
$AFSI_A: possibly delisted; no timezone found
Got error from yahoo api for ticker AFSI_B, Error: {'code': 'Not Found', 'description': 'No data found, symbol may be delisted'}
$AFSI_B: possibly delisted; no timezone found
Got error from yahoo api for ticker AFSI_C, Error: {'code': 'Not Found', 'description': 'No data found, symbol may be delisted'}
$AFSI_C: possibly delisted; no timezone found
Got error from yahoo api for ticker AFSI_D, Error: {'code': 'Not Found', 'description': 'No data found, symbol may be delisted'}
$AFSI_D: possibly delisted; no timezone found
Got error from yahoo api for ticker AFSI_E, Error: {'code': 'Not Found', 'description': 'No data found, symbol may be delisted'}
$AFSI_E: possibly delisted; no timezone found
Got error from yahoo api for ticker AFSI_F, Error: {'code': 'Not Found', 'description': 'No data found, symbol may be delisted'}
$AFSI_F: possibly delisted; no timezone found
Got error from yahoo api for ticker AFSS, Error: {'code': 'Not Found', 'description': 'No data found, symbol may be delisted'}
$AFSS: possibly delisted; no timezone found
Got error from yahoo api for ticker AFST, Error: {'code': 'Not Found', 'description': 'No data found, symbol may be delisted'}
$AFST: possibly delisted; no timezone found
Got error from yahoo api for ticker AFT, Error: {'code': 'Not Found', 'description': 'No data found, symbol may be delisted'}
$AFT: possibly delisted; no timezone found
Got error from yahoo api for ticker AGC, Error: {'code': 'Not Found', 'description': 'No data found, symbol may be delisted'}
$AGC: possibly delisted; no timezone found
$AGF: possibly delisted; no price data found  (1d 2026-07-16 -> 2026-08-23)
Got error from yahoo api for ticker AGFS, Error: {'code': 'Not Found', 'description': 'No data found, symbol may be delisted'}
$AGFS: possibly delisted; no timezone found
Got error from yahoo api for ticker AGFSW, Error: {'code': 'Not Found', 'description': 'No data found, symbol may be delisted'}
$AGFSW: possibly delisted; no timezone found
$AGII: possibly delisted; no price data found  (1d 2017-11-10 -> 2026-08-23)
Got error from yahoo api for ticker AGIIL, Error: {'code': 'Not Found', 'description': 'No data found, symbol may be delisted'}
$AGIIL: possibly delisted; no timezone found
Got error from yahoo api for ticker AGLE, Error: {'code': 'Not Found', 'description': 'No data found, symbol may be delisted'}
$AGLE: possibly delisted; no timezone found
Got error from yahoo api for ticker AGM_A, Error: {'code': 'Not Found', 'description': 'No data found, symbol may be delisted'}
$AGM_A: possibly delisted; no timezone found
Got error from yahoo api for ticker AGM_B, Error: {'code': 'Not Found', 'description': 'No data found, symbol may be delisted'}
$AGM_B: possibly delisted; no timezone found
Got error from yahoo api for ticker AGM_C, Error: {'code': 'Not Found', 'description': 'No data found, symbol may be delisted'}
$AGM_C: possibly delisted; no timezone found
Got error from yahoo api for ticker AGN, Error: {'code': 'Not Found', 'description': 'No data found, symbol may be delisted'}
$AGN: possibly delisted; no timezone found
Got error from yahoo api for ticker AGNCB, Error: {'code': 'Not Found', 'description': 'No data found, symbol may be delisted'}
$AGNCB: possibly delisted; no timezone found
$AGND: possibly delisted; no price data found  (1d 2020-06-12 -> 2026-08-23)
Got error from yahoo api for ticker AGN_A, Error: {'code': 'Not Found', 'description': 'No data found, symbol may be delisted'}
$AGN_A: possibly delisted; no timezone found
Got error from yahoo api for ticker AGO_B, Error: {'code': 'Not Found', 'description': 'No data found, symbol may be delisted'}
$AGO_B: possibly delisted; no timezone found
Got error from yahoo api for ticker AGO_E, Error: {'code': 'Not Found', 'description': 'No data found, symbol may be delisted'}
$AGO_E: possibly delisted; no timezone found
Got error from yahoo api for ticker AGO_F, Error: {'code': 'Not Found', 'description': 'No data found, symbol may be delisted'}
$AGO_F: possibly delisted; no timezone found
Got error from yahoo api for ticker AGR, Error: {'code': 'Not Found', 'description': 'No data found, symbol may be delisted'}
$AGR: possibly delisted; no timezone found
Got error from yahoo api for ticker AGRX, Error: {'code': 'Not Found', 'description': 'No data found, symbol may be delisted'}
$AGRX: possibly delisted; no timezone found
$AGT: possibly delisted; no price data found  (1d 2022-08-29 -> 2026-08-23)
Got error from yahoo api for ticker AGTC, Error: {'code': 'Not Found', 'description': 'No data found, symbol may be delisted'}
$AGTC: possibly delisted; no timezone found
$AGU: possibly delisted; no price data found  (1d 2017-11-10 -> 2026-08-23) (Yahoo error = "No data found, symbol may be delisted")
Got error from yahoo api for ticker AHC, Error: {'code': 'Not Found', 'description': 'No data found, symbol may be delisted'}
$AHC: possibly delisted; no timezone found
$AHGP: possibly delisted; no price data found  (1d 2017-11-10 -> 2026-08-23)
$AHH: possibly delisted; no price data found  (1d 2017-11-10 -> 2026-08-23) (Yahoo error = "No data found, symbol may be delisted")
Got error from yahoo api for ticker AHL, Error: {'code': 'Not Found', 'description': 'No data found, symbol may be delisted'}
$AHL: possibly delisted; no timezone found
Got error from yahoo api for ticker AHL_C, Error: {'code': 'Not Found', 'description': 'No data found, symbol may be delisted'}
$AHL_C: possibly delisted; no timezone found
Got error from yahoo api for ticker AHL_D, Error: {'code': 'Not Found', 'description': 'No data found, symbol may be delisted'}
$AHL_D: possibly delisted; no timezone found
$AHP: possibly delisted; no price data found  (1d 2017-11-10 -> 2026-08-23)
Got error from yahoo api for ticker AHPA, Error: {'code': 'Not Found', 'description': 'No data found, symbol may be delisted'}
$AHPA: possibly delisted; no timezone found
Got error from yahoo api for ticker AHPAU, Error: {'code': 'Not Found', 'description': 'No data found, symbol may be delisted'}
$AHPAU: possibly delisted; no timezone found
Got error from yahoo api for ticker AHPAW, Error: {'code': 'Not Found', 'description': 'No data found, symbol may be delisted'}
$AHPAW: possibly delisted; no timezone found
Got error from yahoo api for ticker AHPI, Error: {'code': 'Not Found', 'description': 'No data found, symbol may be delisted'}
$AHPI: possibly delisted; no timezone found
Got error from yahoo api for ticker AHP_B, Error: {'code': 'Not Found', 'description': 'No data found, symbol may be delisted'}
$AHP_B: possibly delisted; no timezone found
Got error from yahoo api for ticker AHT_D, Error: {'code': 'Not Found', 'description': 'No data found, symbol may be delisted'}
$AHT_D: possibly delisted; no timezone found
Got error from yahoo api for ticker AHT_F, Error: {'code': 'Not Found', 'description': 'No data found, symbol may be delisted'}
$AHT_F: possibly delisted; no timezone found
Got error from yahoo api for ticker AHT_G, Error: {'code': 'Not Found', 'description': 'No data found, symbol may be delisted'}
$AHT_G: possibly delisted; no timezone found
Got error from yahoo api for ticker AHT_H, Error: {'code': 'Not Found', 'description': 'No data found, symbol may be delisted'}
$AHT_H: possibly delisted; no timezone found
Got error from yahoo api for ticker AIB-CL, Error: {'code': 'Not Found', 'description': 'No data found, symbol may be delisted'}
$AIB-CL: possibly delisted; no timezone found
Got error from yahoo api for ticker AIC, Error: {'code': 'Not Found', 'description': 'No data found, symbol may be delisted'}
$AIC: possibly delisted; no timezone found
Got error from yahoo api for ticker AIF, Error: {'code': 'Not Found', 'description': 'No data found, symbol may be delisted'}
$AIF: possibly delisted; no timezone found
Got error from yahoo api for ticker AIG-WS, Error: {'code': 'Not Found', 'description': 'No data found, symbol may be delisted'}
$AIG-WS: possibly delisted; no timezone found
Got error from yahoo api for ticker AIMC, Error: {'code': 'Not Found', 'description': 'No data found, symbol may be delisted'}
$AIMC: possibly delisted; no timezone found
Got error from yahoo api for ticker AIMT, Error: {'code': 'Not Found', 'description': 'No data found, symbol may be delisted'}
$AIMT: possibly delisted; no timezone found
Got error from yahoo api for ticker AINC, Error: {'code': 'Not Found', 'description': 'No data found, symbol may be delisted'}
$AINC: possibly delisted; no timezone found
Got error from yahoo api for ticker AINV, Error: {'code': 'Not Found', 'description': 'No data found, symbol may be delisted'}
$AINV: possibly delisted; no timezone found
Got error from yahoo api for ticker AIV_A, Error: {'code': 'Not Found', 'description': 'No data found, symbol may be delisted'}
$AIV_A: possibly delisted; no timezone found
Got error from yahoo api for ticker AIW, Error: {'code': 'Not Found', 'description': 'No data found, symbol may be delisted'}
$AIW: possibly delisted; no timezone found
Got error from yahoo api for ticker AIY, Error: {'code': 'Not Found', 'description': 'No data found, symbol may be delisted'}
$AIY: possibly delisted; no timezone found
Got error from yahoo api for ticker AI_B, Error: {'code': 'Not Found', 'description': 'No data found, symbol may be delisted'}
$AI_B: possibly delisted; no timezone found
Got error from yahoo api for ticker AJRD, Error: {'code': 'Not Found', 'description': 'No data found, symbol may be delisted'}
$AJRD: possibly delisted; no timezone found
Got error from yahoo api for ticker AJX, Error: {'code': 'Not Found', 'description': 'No data found, symbol may be delisted'}
$AJX: possibly delisted; no timezone found
Got error from yahoo api for ticker AKAO, Error: {'code': 'Not Found', 'description': 'No data found, symbol may be delisted'}
$AKAO: possibly delisted; no timezone found
Got error from yahoo api for ticker AKCA, Error: {'code': 'Not Found', 'description': 'No data found, symbol may be delisted'}
$AKCA: possibly delisted; no timezone found
Got error from yahoo api for ticker AKER, Error: {'code': 'Not Found', 'description': 'No data found, symbol may be delisted'}
$AKER: possibly delisted; no timezone found
Got error from yahoo api for ticker AKG, Error: {'code': 'Not Found', 'description': 'No data found, symbol may be delisted'}
$AKG: possibly delisted; no timezone found
Got error from yahoo api for ticker AKP, Error: {'code': 'Not Found', 'description': 'No data found, symbol may be delisted'}
$AKP: possibly delisted; no timezone found
Got error from yahoo api for ticker AKRX, Error: {'code': 'Not Found', 'description': 'No data found, symbol may be delisted'}
$AKRX: possibly delisted; no timezone found
Got error from yahoo api for ticker AKS, Error: {'code': 'Not Found', 'description': 'No data found, symbol may be delisted'}
$AKS: possibly delisted; no timezone found
Got error from yahoo api for ticker AL, Error: {'code': 'Not Found', 'description': 'No data found, symbol may be delisted'}
$AL: possibly delisted; no timezone found
Got error from yahoo api for ticker ALBO, Error: {'code': 'Not Found', 'description': 'No data found, symbol may be delisted'}
$ALBO: possibly delisted; no timezone found
$ALD: possibly delisted; no price data found  (1d 2019-06-28 -> 2026-08-23) (Yahoo error = "No data found, symbol may be delisted")
Got error from yahoo api for ticker ALDR, Error: {'code': 'Not Found', 'description': 'No data found, symbol may be delisted'}
$ALDR: possibly delisted; no timezone found
$ALDW: possibly delisted; no price data found  (1d 2017-11-10 -> 2026-08-23)
Got error from yahoo api for ticker ALE, Error: {'code': 'Not Found', 'description': 'No data found, symbol may be delisted'}
$ALE: possibly delisted; no timezone found
Got error from yahoo api for ticker ALEX, Error: {'code': 'Not Found', 'description': 'No data found, symbol may be delisted'}
$ALEX: possibly delisted; no timezone found
$ALFA: possibly delisted; no price data found  (1d 2022-09-01 -> 2026-08-23)
Got error from yahoo api for ticker ALIM, Error: {'code': 'Not Found', 'description': 'No data found, symbol may be delisted'}
$ALIM: possibly delisted; no timezone found
Got error from yahoo api for ticker ALJJ, Error: {'code': 'Not Found', 'description': 'No data found, symbol may be delisted'}
$ALJJ: possibly delisted; no timezone found
Got error from yahoo api for ticker ALLY_A, Error: {'code': 'Not Found', 'description': 'No data found, symbol may be delisted'}
$ALLY_A: possibly delisted; no timezone found
Got error from yahoo api for ticker ALL_A, Error: {'code': 'Not Found', 'description': 'No data found, symbol may be delisted'}
$ALL_A: possibly delisted; no timezone found
Got error from yahoo api for ticker ALL_B, Error: {'code': 'Not Found', 'description': 'No data found, symbol may be delisted'}
$ALL_B: possibly delisted; no timezone found
Got error from yahoo api for ticker ALL_C, Error: {'code': 'Not Found', 'description': 'No data found, symbol may be delisted'}
$ALL_C: possibly delisted; no timezone found
Got error from yahoo api for ticker ALL_D, Error: {'code': 'Not Found', 'description': 'No data found, symbol may be delisted'}
$ALL_D: possibly delisted; no timezone found
Got error from yahoo api for ticker ALL_E, Error: {'code': 'Not Found', 'description': 'No data found, symbol may be delisted'}
$ALL_E: possibly delisted; no timezone found
Got error from yahoo api for ticker ALL_F, Error: {'code': 'Not Found', 'description': 'No data found, symbol may be delisted'}
$ALL_F: possibly delisted; no timezone found
Got error from yahoo api for ticker ALN, Error: {'code': 'Not Found', 'description': 'No data found, symbol may be delisted'}
$ALN: possibly delisted; no timezone found
Got error from yahoo api for ticker ALNA, Error: {'code': 'Not Found', 'description': 'No data found, symbol may be delisted'}
$ALNA: possibly delisted; no timezone found
Got error from yahoo api for ticker ALO, Error: {'code': 'Not Found', 'description': 'No data found, symbol may be delisted'}
$ALO: possibly delisted; no timezone found
$ALOG: possibly delisted; no price data found  (1d 2017-11-10 -> 2026-08-23)
Got error from yahoo api for ticker ALPN, Error: {'code': 'Not Found', 'description': 'No data found, symbol may be delisted'}
$ALPN: possibly delisted; no timezone found
Got error from yahoo api for ticker ALP_O-CL, Error: {'code': 'Not Found', 'description': 'No data found, symbol may be delisted'}
$ALP_O-CL: possibly delisted; no timezone found
Got error from yahoo api for ticker ALP_Q, Error: {'code': 'Not Found', 'description': 'No data found, symbol may be delisted'}
$ALP_Q: possibly delisted; no timezone found
Got error from yahoo api for ticker ALQA, Error: {'code': 'Not Found', 'description': 'No data found, symbol may be delisted'}
$ALQA: possibly delisted; no timezone found
Got error from yahoo api for ticker ALRN, Error: {'code': 'Not Found', 'description': 'No data found, symbol may be delisted'}
$ALRN: possibly delisted; no timezone found
Got error from yahoo api for ticker ALSK, Error: {'code': 'Not Found', 'description': 'No data found, symbol may be delisted'}
$ALSK: possibly delisted; no timezone found
Got error from yahoo api for ticker ALTR, Error: {'code': 'Not Found', 'description': 'No data found, symbol may be delisted'}
$ALTR: possibly delisted; no timezone found
Got error from yahoo api for ticker ALTS, Error: {'code': 'Not Found', 'description': 'No data found, symbol may be delisted'}
$ALTS: possibly delisted; no timezone found
Got error from yahoo api for ticker ALXN, Error: {'code': 'Not Found', 'description': 'No data found, symbol may be delisted'}
$ALXN: possibly delisted; no timezone found
Got error from yahoo api for ticker AMAG, Error: {'code': 'Not Found', 'description': 'No data found, symbol may be delisted'}
$AMAG: possibly delisted; no timezone found
Got error from yahoo api for ticker AMBC, Error: {'code': 'Not Found', 'description': 'No data found, symbol may be delisted'}
$AMBC: possibly delisted; no timezone found
Got error from yahoo api for ticker AMBCW, Error: {'code': 'Not Found', 'description': 'No data found, symbol may be delisted'}
$AMBCW: possibly delisted; no timezone found
$AMCA: possibly delisted; no price data found  (1d 2021-08-30 -> 2026-08-23)
Got error from yahoo api for ticker AMCN, Error: {'code': 'Not Found', 'description': 'No data found, symbol may be delisted'}
$AMCN: possibly delisted; no timezone found
$AMDA: possibly delisted; no price data found  (1d 2017-11-10 -> 2026-08-23)
Got error from yahoo api for ticker AMED, Error: {'code': 'Not Found', 'description': 'No data found, symbol may be delisted'}
$AMED: possibly delisted; no timezone found
Got error from yahoo api for ticker AMFW, Error: {'code': 'Not Found', 'description': 'No data found, symbol may be delisted'}
$AMFW: possibly delisted; no timezone found
Got error from yahoo api for ticker AMGP, Error: {'code': 'Not Found', 'description': 'No data found, symbol may be delisted'}
$AMGP: possibly delisted; no timezone found
Got error from yahoo api for ticker AMH_C, Error: {'code': 'Not Found', 'description': 'No data found, symbol may be delisted'}
$AMH_C: possibly delisted; no timezone found
Got error from yahoo api for ticker AMH_D, Error: {'code': 'Not Found', 'description': 'No data found, symbol may be delisted'}
$AMH_D: possibly delisted; no timezone found
Got error from yahoo api for ticker AMH_E, Error: {'code': 'Not Found', 'description': 'No data found, symbol may be delisted'}
$AMH_E: possibly delisted; no timezone found
Got error from yahoo api for ticker AMH_F, Error: {'code': 'Not Found', 'description': 'No data found, symbol may be delisted'}
$AMH_F: possibly delisted; no timezone found
Got error from yahoo api for ticker AMH_G, Error: {'code': 'Not Found', 'description': 'No data found, symbol may be delisted'}
$AMH_G: possibly delisted; no timezone found
Got error from yahoo api for ticker AMJ, Error: {'code': 'Not Found', 'description': 'No data found, symbol may be delisted'}
$AMJ: possibly delisted; no timezone found
$AMMA: possibly delisted; no price data found  (1d 2017-11-10 -> 2026-08-23)
Got error from yahoo api for ticker AMNB, Error: {'code': 'Not Found', 'description': 'No data found, symbol may be delisted'}
$AMNB: possibly delisted; no timezone found
Got error from yahoo api for ticker AMOT, Error: {'code': 'Not Found', 'description': 'No data found, symbol may be delisted'}
$AMOT: possibly delisted; no timezone found
Got error from yahoo api for ticker AMOV, Error: {'code': 'Not Found', 'description': 'No data found, symbol may be delisted'}
$AMOV: possibly delisted; no timezone found
Got error from yahoo api for ticker AMRB, Error: {'code': 'Not Found', 'description': 'No data found, symbol may be delisted'}
$AMRB: possibly delisted; no timezone found
Got error from yahoo api for ticker AMRK, Error: {'code': 'Not Found', 'description': 'No data found, symbol may be delisted'}
$AMRK: possibly delisted; no timezone found
Got error from yahoo api for ticker AMRS, Error: {'code': 'Not Found', 'description': 'No data found, symbol may be delisted'}
$AMRS: possibly delisted; no timezone found
Got error from yahoo api for ticker AMSWA, Error: {'code': 'Not Found', 'description': 'No data found, symbol may be delisted'}
$AMSWA: possibly delisted; no timezone found
Got error from yahoo api for ticker AMT_B, Error: {'code': 'Not Found', 'description': 'No data found, symbol may be delisted'}
$AMT_B: possibly delisted; no timezone found
$AMU: possibly delisted; no price data found  (1d 2020-11-30 -> 2026-08-23) (Yahoo error = "No data found, symbol may be delisted")
Got error from yahoo api for ticker AMWD, Error: {'code': 'Not Found', 'description': 'No data found, symbol may be delisted'}
$AMWD: possibly delisted; no timezone found
Got error from yahoo api for ticker ANAT, Error: {'code': 'Not Found', 'description': 'No data found, symbol may be delisted'}
$ANAT: possibly delisted; no timezone found
$ANCB: possibly delisted; no price data found  (1d 2017-11-10 -> 2026-08-23)
$ANCX: possibly delisted; no price data found  (1d 2017-11-10 -> 2026-08-23)
Got error from yahoo api for ticker ANDA, Error: {'code': 'Not Found', 'description': 'No data found, symbol may be delisted'}
$ANDA: possibly delisted; no timezone found
Got error from yahoo api for ticker ANDAR, Error: {'code': 'Not Found', 'description': 'No data found, symbol may be delisted'}
$ANDAR: possibly delisted; no timezone found
Got error from yahoo api for ticker ANDAU, Error: {'code': 'Not Found', 'description': 'No data found, symbol may be delisted'}
$ANDAU: possibly delisted; no timezone found
Got error from yahoo api for ticker ANDAW, Error: {'code': 'Not Found', 'description': 'No data found, symbol may be delisted'}
$ANDAW: possibly delisted; no timezone found
$ANDV: possibly delisted; no price data found  (1d 2018-10-01 -> 2026-08-23)
Got error from yahoo api for ticker ANDX, Error: {'code': 'Not Found', 'description': 'No data found, symbol may be delisted'}
$ANDX: possibly delisted; no timezone found
Got error from yahoo api for ticker ANFI, Error: {'code': 'Not Found', 'description': 'No data found, symbol may be delisted'}
$ANFI: possibly delisted; no timezone found
Got error from yahoo api for ticker ANH, Error: {'code': 'Not Found', 'description': 'No data found, symbol may be delisted'}
$ANH: possibly delisted; no timezone found
Got error from yahoo api for ticker ANH_A, Error: {'code': 'Not Found', 'description': 'No data found, symbol may be delisted'}
$ANH_A: possibly delisted; no timezone found
Got error from yahoo api for ticker ANH_B, Error: {'code': 'Not Found', 'description': 'No data found, symbol may be delisted'}
$ANH_B: possibly delisted; no timezone found
Got error from yahoo api for ticker ANH_C, Error: {'code': 'Not Found', 'description': 'No data found, symbol may be delisted'}
$ANH_C: possibly delisted; no timezone found
Got error from yahoo api for ticker ANSS, Error: {'code': 'Not Found', 'description': 'No data found, symbol may be delisted'}
$ANSS: possibly delisted; no timezone found
Got error from yahoo api for ticker ANTM, Error: {'code': 'Not Found', 'description': 'No data found, symbol may be delisted'}
$ANTM: possibly delisted; no timezone found
$ANW: possibly delisted; no price data found  (1d 2017-11-10 -> 2026-08-23)
Got error from yahoo api for ticker AOBC, Error: {'code': 'Not Found', 'description': 'No data found, symbol may be delisted'}
$AOBC: possibly delisted; no timezone found
$AOI: possibly delisted; no price data found  (1d 2017-11-10 -> 2026-08-23)
$APB: possibly delisted; no price data found  (1d 2017-11-10 -> 2026-08-23)
Got error from yahoo api for ticker APDN, Error: {'code': 'Not Found', 'description': 'No data found, symbol may be delisted'}
$APDN: possibly delisted; no timezone found
Got error from yahoo api for ticker APDNW, Error: {'code': 'Not Found', 'description': 'No data found, symbol may be delisted'}
$APDNW: possibly delisted; no timezone found
Got error from yahoo api for ticker APEN, Error: {'code': 'Not Found', 'description': 'No data found, symbol may be delisted'}
$APEN: possibly delisted; no timezone found
Got error from yahoo api for ticker APF, Error: {'code': 'Not Found', 'description': 'No data found, symbol may be delisted'}
$APF: possibly delisted; no timezone found
Got error from yahoo api for ticker APHB, Error: {'code': 'Not Found', 'description': 'No data found, symbol may be delisted'}
$APHB: possibly delisted; no timezone found
$APLP: possibly delisted; no price data found  (1d 2018-05-04 -> 2026-08-23)
Got error from yahoo api for ticker APLS, Error: {'code': 'Not Found', 'description': 'No data found, symbol may be delisted'}
$APLS: possibly delisted; no timezone found
Got error from yahoo api for ticker APOP, Error: {'code': 'Not Found', 'description': 'No data found, symbol may be delisted'}
$APOP: possibly delisted; no timezone found
Got error from yahoo api for ticker APOPW, Error: {'code': 'Not Found', 'description': 'No data found, symbol may be delisted'}
$APOPW: possibly delisted; no timezone found
Got error from yahoo api for ticker APO_A, Error: {'code': 'Not Found', 'description': 'No data found, symbol may be delisted'}
$APO_A: possibly delisted; no timezone found
$APRI: possibly delisted; no price data found  (1d 2017-11-10 -> 2026-08-23)
Got error from yahoo api for ticker APRN, Error: {'code': 'Not Found', 'description': 'No data found, symbol may be delisted'}
$APRN: possibly delisted; no timezone found
$APTI: possibly delisted; no price data found  (1d 2019-01-17 -> 2026-08-23)
Got error from yahoo api for ticker APTO, Error: {'code': 'Not Found', 'description': 'No data found, symbol may be delisted'}
$APTO: possibly delisted; no timezone found
Got error from yahoo api for ticker APTS, Error: {'code': 'Not Found', 'description': 'No data found, symbol may be delisted'}
$APTS: possibly delisted; no timezone found
Got error from yahoo api for ticker APU, Error: {'code': 'Not Found', 'description': 'No data found, symbol may be delisted'}
$APU: possibly delisted; no timezone found
Got error from yahoo api for ticker AQ, Error: {'code': 'Not Found', 'description': 'No data found, symbol may be delisted'}
$AQ: possibly delisted; no timezone found
Got error from yahoo api for ticker AQUA, Error: {'code': 'Not Found', 'description': 'No data found, symbol may be delisted'}
$AQUA: possibly delisted; no timezone found
Got error from yahoo api for ticker AQXP, Error: {'code': 'Not Found', 'description': 'No data found, symbol may be delisted'}
$AQXP: possibly delisted; no timezone found
Got error from yahoo api for ticker ARA, Error: {'code': 'Not Found', 'description': 'No data found, symbol may be delisted'}
$ARA: possibly delisted; no timezone found
Got error from yahoo api for ticker ARC, Error: {'code': 'Not Found', 'description': 'No data found, symbol may be delisted'}
$ARC: possibly delisted; no timezone found
Got error from yahoo api for ticker ARCH, Error: {'code': 'Not Found', 'description': 'No data found, symbol may be delisted'}
$ARCH: possibly delisted; no timezone found
Got error from yahoo api for ticker ARCW, Error: {'code': 'Not Found', 'description': 'No data found, symbol may be delisted'}
$ARCW: possibly delisted; no timezone found
Got error from yahoo api for ticker ARD, Error: {'code': 'Not Found', 'description': 'No data found, symbol may be delisted'}
$ARD: possibly delisted; no timezone found
Got error from yahoo api for ticker ARDM, Error: {'code': 'Not Found', 'description': 'No data found, symbol may be delisted'}
$ARDM: possibly delisted; no timezone found
Got error from yahoo api for ticker ARES_A, Error: {'code': 'Not Found', 'description': 'No data found, symbol may be delisted'}
$ARES_A: possibly delisted; no timezone found
Got error from yahoo api for ticker AREX, Error: {'code': 'Not Found', 'description': 'No data found, symbol may be delisted'}
$AREX: possibly delisted; no timezone found
Got error from yahoo api for ticker ARE_D, Error: {'code': 'Not Found', 'description': 'No data found, symbol may be delisted'}
$ARE_D: possibly delisted; no timezone found
$ARGS: possibly delisted; no price data found  (1d 2017-11-10 -> 2026-08-23)
Got error from yahoo api for ticker ARH_C, Error: {'code': 'Not Found', 'description': 'No data found, symbol may be delisted'}
$ARH_C: possibly delisted; no timezone found
$ARII: possibly delisted; no price data found  (1d 2017-11-10 -> 2026-08-23)
Got error from yahoo api for ticker ARI_C, Error: {'code': 'Not Found', 'description': 'No data found, symbol may be delisted'}
$ARI_C: possibly delisted; no timezone found
$ARLZ: possibly delisted; no price data found  (1d 2017-11-10 -> 2026-08-23)
Got error from yahoo api for ticker ARNA, Error: {'code': 'Not Found', 'description': 'No data found, symbol may be delisted'}
$ARNA: possibly delisted; no timezone found
Got error from yahoo api for ticker ARNC, Error: {'code': 'Not Found', 'description': 'No data found, symbol may be delisted'}
$ARNC: possibly delisted; no timezone found
Got error from yahoo api for ticker ARNC_, Error: {'code': 'Not Found', 'description': 'No data found, symbol may be delisted'}
$ARNC_: possibly delisted; no timezone found
Got error from yahoo api for ticker ARNC_B, Error: {'code': 'Not Found', 'description': 'No data found, symbol may be delisted'}
$ARNC_B: possibly delisted; no timezone found
Got error from yahoo api for ticker ARQL, Error: {'code': 'Not Found', 'description': 'No data found, symbol may be delisted'}
$ARQL: possibly delisted; no timezone found
Got error from yahoo api for ticker ARRS, Error: {'code': 'Not Found', 'description': 'No data found, symbol may be delisted'}
$ARRS: possibly delisted; no timezone found
Got error from yahoo api for ticker ARR_A, Error: {'code': 'Not Found', 'description': 'No data found, symbol may be delisted'}
$ARR_A: possibly delisted; no timezone found
Got error from yahoo api for ticker ARR_B, Error: {'code': 'Not Found', 'description': 'No data found, symbol may be delisted'}
$ARR_B: possibly delisted; no timezone found
Got error from yahoo api for ticker ARTX, Error: {'code': 'Not Found', 'description': 'No data found, symbol may be delisted'}
$ARTX: possibly delisted; no timezone found
Got error from yahoo api for ticker ASB-WS, Error: {'code': 'Not Found', 'description': 'No data found, symbol may be delisted'}
$ASB-WS: possibly delisted; no timezone found
Got error from yahoo api for ticker ASB_C, Error: {'code': 'Not Found', 'description': 'No data found, symbol may be delisted'}
$ASB_C: possibly delisted; no timezone found
Got error from yahoo api for ticker ASB_D, Error: {'code': 'Not Found', 'description': 'No data found, symbol may be delisted'}
$ASB_D: possibly delisted; no timezone found
Got error from yahoo api for ticker ASCMA, Error: {'code': 'Not Found', 'description': 'No data found, symbol may be delisted'}
$ASCMA: possibly delisted; no timezone found
$ASET: possibly delisted; no price data found  (1d 2025-10-27 -> 2026-08-23)
Got error from yahoo api for ticker ASFI, Error: {'code': 'Not Found', 'description': 'No data found, symbol may be delisted'}
$ASFI: possibly delisted; no timezone found
Got error from yahoo api for ticker ASGN, Error: {'code': 'Not Found', 'description': 'No data found, symbol may be delisted'}
$ASGN: possibly delisted; no timezone found
Got error from yahoo api for ticker ASNA, Error: {'code': 'Not Found', 'description': 'No data found, symbol may be delisted'}
$ASNA: possibly delisted; no timezone found
Got error from yahoo api for ticker ASRVP, Error: {'code': 'Not Found', 'description': 'No data found, symbol may be delisted'}
$ASRVP: possibly delisted; no timezone found
Got error from yahoo api for ticker AST, Error: {'code': 'Not Found', 'description': 'No data found, symbol may be delisted'}
$AST: possibly delisted; no timezone found
Got error from yahoo api for ticker ASV, Error: {'code': 'Not Found', 'description': 'No data found, symbol may be delisted'}
$ASV: possibly delisted; no timezone found
Got error from yahoo api for ticker AT, Error: {'code': 'Not Found', 'description': 'No data found, symbol may be delisted'}
$AT: possibly delisted; no timezone found
Got error from yahoo api for ticker ATAC, Error: {'code': 'Not Found', 'description': 'No data found, symbol may be delisted'}
$ATAC: possibly delisted; no timezone found
Got error from yahoo api for ticker ATACR, Error: {'code': 'Not Found', 'description': 'No data found, symbol may be delisted'}
$ATACR: possibly delisted; no timezone found
Got error from yahoo api for ticker ATACU, Error: {'code': 'Not Found', 'description': 'No data found, symbol may be delisted'}
$ATACU: possibly delisted; no timezone found
Got error from yahoo api for ticker ATAX, Error: {'code': 'Not Found', 'description': 'No data found, symbol may be delisted'}
$ATAX: possibly delisted; no timezone found
Got error from yahoo api for ticker ATGE, Error: {'code': 'Not Found', 'description': 'No data found, symbol may be delisted'}
$ATGE: possibly delisted; no timezone found
Got error from yahoo api for ticker ATH, Error: {'code': 'Not Found', 'description': 'No data found, symbol may be delisted'}
$ATH: possibly delisted; no timezone found
Got error from yahoo api for ticker ATHN, Error: {'code': 'Not Found', 'description': 'No data found, symbol may be delisted'}
$ATHN: possibly delisted; no timezone found
Got error from yahoo api for ticker ATHX, Error: {'code': 'Not Found', 'description': 'No data found, symbol may be delisted'}
$ATHX: possibly delisted; no timezone found
Got error from yahoo api for ticker ATNX, Error: {'code': 'Not Found', 'description': 'No data found, symbol may be delisted'}
$ATNX: possibly delisted; no timezone found
Got error from yahoo api for ticker ATRI, Error: {'code': 'Not Found', 'description': 'No data found, symbol may be delisted'}
$ATRI: possibly delisted; no timezone found
Got error from yahoo api for ticker ATRS, Error: {'code': 'Not Found', 'description': 'No data found, symbol may be delisted'}
$ATRS: possibly delisted; no timezone found
Got error from yahoo api for ticker ATSG, Error: {'code': 'Not Found', 'description': 'No data found, symbol may be delisted'}
$ATSG: possibly delisted; no timezone found
Got error from yahoo api for ticker ATTU, Error: {'code': 'Not Found', 'description': 'No data found, symbol may be delisted'}
$ATTU: possibly delisted; no timezone found
Got error from yahoo api for ticker ATU, Error: {'code': 'Not Found', 'description': 'No data found, symbol may be delisted'}
$ATU: possibly delisted; no timezone found
Got error from yahoo api for ticker ATUS, Error: {'code': 'Not Found', 'description': 'No data found, symbol may be delisted'}
$ATUS: possibly delisted; no timezone found
Got error from yahoo api for ticker ATV, Error: {'code': 'Not Found', 'description': 'No data found, symbol may be delisted'}
$ATV: possibly delisted; no timezone found
Got error from yahoo api for ticker ATVI, Error: {'code': 'Not Found', 'description': 'No data found, symbol may be delisted'}
$ATVI: possibly delisted; no timezone found
Got error from yahoo api for ticker AUG, Error: {'code': 'Not Found', 'description': 'No data found, symbol may be delisted'}
$AUG: possibly delisted; no timezone found
Got error from yahoo api for ticker AUO, Error: {'code': 'Not Found', 'description': 'No data found, symbol may be delisted'}
$AUO: possibly delisted; no timezone found
Got error from yahoo api for ticker AUTO, Error: {'code': 'Not Found', 'description': 'No data found, symbol may be delisted'}
$AUTO: possibly delisted; no timezone found
Got error from yahoo api for ticker AUY, Error: {'code': 'Not Found', 'description': 'No data found, symbol may be delisted'}
$AUY: possibly delisted; no timezone found
Got error from yahoo api for ticker AVDL, Error: {'code': 'Not Found', 'description': 'No data found, symbol may be delisted'}
$AVDL: possibly delisted; no timezone found
Got error from yahoo api for ticker AVEO, Error: {'code': 'Not Found', 'description': 'No data found, symbol may be delisted'}
$AVEO: possibly delisted; no timezone found
Got error from yahoo api for ticker AVGR, Error: {'code': 'Not Found', 'description': 'No data found, symbol may be delisted'}
$AVGR: possibly delisted; no timezone found
Got error from yahoo api for ticker AVH, Error: {'code': 'Not Found', 'description': 'No data found, symbol may be delisted'}
$AVH: possibly delisted; no timezone found
Got error from yahoo api for ticker AVHI, Error: {'code': 'Not Found', 'description': 'No data found, symbol may be delisted'}
$AVHI: possibly delisted; no timezone found
Got error from yahoo api for ticker AVID, Error: {'code': 'Not Found', 'description': 'No data found, symbol may be delisted'}
$AVID: possibly delisted; no timezone found
Got error from yahoo api for ticker AVP, Error: {'code': 'Not Found', 'description': 'No data found, symbol may be delisted'}
$AVP: possibly delisted; no timezone found
$AVXS: possibly delisted; no price data found  (1d 2017-11-10 -> 2026-08-23)
Got error from yahoo api for ticker AXAS, Error: {'code': 'Not Found', 'description': 'No data found, symbol may be delisted'}
$AXAS: possibly delisted; no timezone found
Got error from yahoo api for ticker AXDX, Error: {'code': 'Not Found', 'description': 'No data found, symbol may be delisted'}
$AXDX: possibly delisted; no timezone found
Got error from yahoo api for ticker AXE, Error: {'code': 'Not Found', 'description': 'No data found, symbol may be delisted'}
$AXE: possibly delisted; no timezone found
Got error from yahoo api for ticker AXL, Error: {'code': 'Not Found', 'description': 'No data found, symbol may be delisted'}
$AXL: possibly delisted; no timezone found
Got error from yahoo api for ticker AXS_D, Error: {'code': 'Not Found', 'description': 'No data found, symbol may be delisted'}
$AXS_D: possibly delisted; no timezone found
Got error from yahoo api for ticker AXS_E, Error: {'code': 'Not Found', 'description': 'No data found, symbol may be delisted'}
$AXS_E: possibly delisted; no timezone found
Got error from yahoo api for ticker AXU, Error: {'code': 'Not Found', 'description': 'No data found, symbol may be delisted'}
$AXU: possibly delisted; no timezone found
Got error from yahoo api for ticker AYR, Error: {'code': 'Not Found', 'description': 'No data found, symbol may be delisted'}
$AYR: possibly delisted; no timezone found
$AYT: possibly delisted; no price data found  (1d 2018-04-12 -> 2026-08-23) (Yahoo error = "No data found, symbol may be delisted")
Got error from yahoo api for ticker AYX, Error: {'code': 'Not Found', 'description': 'No data found, symbol may be delisted'}
$AYX: possibly delisted; no timezone found
Got error from yahoo api for ticker AZPN, Error: {'code': 'Not Found', 'description': 'No data found, symbol may be delisted'}
$AZPN: possibly delisted; no timezone found
Got error from yahoo api for ticker AZRE, Error: {'code': 'Not Found', 'description': 'No data found, symbol may be delisted'}
$AZRE: possibly delisted; no timezone found
Got error from yahoo api for ticker AZRX, Error: {'code': 'Not Found', 'description': 'No data found, symbol may be delisted'}
$AZRX: possibly delisted; no timezone found
$BAA: possibly delisted; no price data found  (1d 2017-11-10 -> 2026-08-23)
Got error from yahoo api for ticker BABY, Error: {'code': 'Not Found', 'description': 'No data found, symbol may be delisted'}
$BABY: possibly delisted; no timezone found
Got error from yahoo api for ticker BAC-WS-A, Error: {'code': 'Not Found', 'description': 'No data found, symbol may be delisted'}
$BAC-WS-A: possibly delisted; no timezone found
Got error from yahoo api for ticker BAC-WS-B, Error: {'code': 'Not Found', 'description': 'No data found, symbol may be delisted'}
$BAC-WS-B: possibly delisted; no timezone found
Got error from yahoo api for ticker BAC_A, Error: {'code': 'Not Found', 'description': 'No data found, symbol may be delisted'}
$BAC_A: possibly delisted; no timezone found
Got error from yahoo api for ticker BAC_C, Error: {'code': 'Not Found', 'description': 'No data found, symbol may be delisted'}
$BAC_C: possibly delisted; no timezone found
Got error from yahoo api for ticker BAC_D, Error: {'code': 'Not Found', 'description': 'No data found, symbol may be delisted'}
$BAC_D: possibly delisted; no timezone found
Got error from yahoo api for ticker BAC_E, Error: {'code': 'Not Found', 'description': 'No data found, symbol may be delisted'}
$BAC_E: possibly delisted; no timezone found
Got error from yahoo api for ticker BAC_I, Error: {'code': 'Not Found', 'description': 'No data found, symbol may be delisted'}
$BAC_I: possibly delisted; no timezone found
Got error from yahoo api for ticker BAC_L, Error: {'code': 'Not Found', 'description': 'No data found, symbol may be delisted'}
$BAC_L: possibly delisted; no timezone found
Got error from yahoo api for ticker BAC_W, Error: {'code': 'Not Found', 'description': 'No data found, symbol may be delisted'}
$BAC_W: possibly delisted; no timezone found
Got error from yahoo api for ticker BAC_Y, Error: {'code': 'Not Found', 'description': 'No data found, symbol may be delisted'}
$BAC_Y: possibly delisted; no timezone found
Got error from yahoo api for ticker BAF, Error: {'code': 'Not Found', 'description': 'No data found, symbol may be delisted'}
$BAF: possibly delisted; no timezone found
$BAL: possibly delisted; no price data found  (1d 2023-07-21 -> 2026-08-23)
Got error from yahoo api for ticker BANC_C, Error: {'code': 'Not Found', 'description': 'No data found, symbol may be delisted'}
$BANC_C: possibly delisted; no timezone found
Got error from yahoo api for ticker BANC_D, Error: {'code': 'Not Found', 'description': 'No data found, symbol may be delisted'}
$BANC_D: possibly delisted; no timezone found
Got error from yahoo api for ticker BANC_E, Error: {'code': 'Not Found', 'description': 'No data found, symbol may be delisted'}
$BANC_E: possibly delisted; no timezone found
Got error from yahoo api for ticker BAS, Error: {'code': 'Not Found', 'description': 'No data found, symbol may be delisted'}
$BAS: possibly delisted; no timezone found
Got error from yahoo api for ticker BASI, Error: {'code': 'Not Found', 'description': 'No data found, symbol may be delisted'}
$BASI: possibly delisted; no timezone found
Got error from yahoo api for ticker BBF, Error: {'code': 'Not Found', 'description': 'No data found, symbol may be delisted'}
$BBF: possibly delisted; no timezone found
$BBG: possibly delisted; no price data found  (1d 2017-11-10 -> 2026-08-23)
Got error from yahoo api for ticker BBK, Error: {'code': 'Not Found', 'description': 'No data found, symbol may be delisted'}
$BBK: possibly delisted; no timezone found
Got error from yahoo api for ticker BBL, Error: {'code': 'Not Found', 'description': 'No data found, symbol may be delisted'}
$BBL: possibly delisted; no timezone found
$BBOX: possibly delisted; no price data found  (1d 2017-11-10 -> 2026-08-23)
$BBRG: possibly delisted; no price data found  (1d 2017-11-10 -> 2026-08-23)
Got error from yahoo api for ticker BBT_D, Error: {'code': 'Not Found', 'description': 'No data found, symbol may be delisted'}
$BBT_D: possibly delisted; no timezone found
Got error from yahoo api for ticker BBT_E, Error: {'code': 'Not Found', 'description': 'No data found, symbol may be delisted'}
$BBT_E: possibly delisted; no timezone found
Got error from yahoo api for ticker BBT_F, Error: {'code': 'Not Found', 'description': 'No data found, symbol may be delisted'}
$BBT_F: possibly delisted; no timezone found
Got error from yahoo api for ticker BBT_G, Error: {'code': 'Not Found', 'description': 'No data found, symbol may be delisted'}
$BBT_G: possibly delisted; no timezone found
Got error from yahoo api for ticker BBT_H, Error: {'code': 'Not Found', 'description': 'No data found, symbol may be delisted'}
$BBT_H: possibly delisted; no timezone found
Got error from yahoo api for ticker BBU, Error: {'code': 'Not Found', 'description': 'No data found, symbol may be delisted'}
$BBU: possibly delisted; no timezone found
Got error from yahoo api for ticker BBX, Error: {'code': 'Not Found', 'description': 'No data found, symbol may be delisted'}
$BBX: possibly delisted; no timezone found
Got error from yahoo api for ticker BCAC, Error: {'code': 'Not Found', 'description': 'No data found, symbol may be delisted'}
$BCAC: possibly delisted; no timezone found
Got error from yahoo api for ticker BCACR, Error: {'code': 'Not Found', 'description': 'No data found, symbol may be delisted'}
$BCACR: possibly delisted; no timezone found
$BCACU: possibly delisted; no price data found  (1d 2017-11-09 -> 2026-08-23)
Got error from yahoo api for ticker BCACW, Error: {'code': 'Not Found', 'description': 'No data found, symbol may be delisted'}
$BCACW: possibly delisted; no timezone found
Got error from yahoo api for ticker BCEI, Error: {'code': 'Not Found', 'description': 'No data found, symbol may be delisted'}
$BCEI: possibly delisted; no timezone found
$BCM: possibly delisted; no price data found  (1d 2023-07-21 -> 2026-08-23) (Yahoo error = "No data found, symbol may be delisted")
Got error from yahoo api for ticker BCOM, Error: {'code': 'Not Found', 'description': 'No data found, symbol may be delisted'}
$BCOM: possibly delisted; no timezone found
Got error from yahoo api for ticker BCOV, Error: {'code': 'Not Found', 'description': 'No data found, symbol may be delisted'}
$BCOV: possibly delisted; no timezone found
$BCR: possibly delisted; no price data found  (1d 2017-11-10 -> 2026-08-23)
Got error from yahoo api for ticker BCRH, Error: {'code': 'Not Found', 'description': 'No data found, symbol may be delisted'}
$BCRH: possibly delisted; no timezone found
Got error from yahoo api for ticker BCS_D, Error: {'code': 'Not Found', 'description': 'No data found, symbol may be delisted'}
$BCS_D: possibly delisted; no timezone found
Got error from yahoo api for ticker BCV_A, Error: {'code': 'Not Found', 'description': 'No data found, symbol may be delisted'}
$BCV_A: possibly delisted; no timezone found
$BDCL: possibly delisted; no price data found  (1d 2020-05-04 -> 2026-08-23)
Got error from yahoo api for ticker BDC_B, Error: {'code': 'Not Found', 'description': 'No data found, symbol may be delisted'}
$BDC_B: possibly delisted; no timezone found
Got error from yahoo api for ticker BDGE, Error: {'code': 'Not Found', 'description': 'No data found, symbol may be delisted'}
$BDGE: possibly delisted; no timezone found
Got error from yahoo api for ticker BDR, Error: {'code': 'Not Found', 'description': 'No data found, symbol may be delisted'}
$BDR: possibly delisted; no timezone found
Got error from yahoo api for ticker BDSI, Error: {'code': 'Not Found', 'description': 'No data found, symbol may be delisted'}
$BDSI: possibly delisted; no timezone found
Got error from yahoo api for ticker BECN, Error: {'code': 'Not Found', 'description': 'No data found, symbol may be delisted'}
$BECN: possibly delisted; no timezone found
Got error from yahoo api for ticker BEDU, Error: {'code': 'Not Found', 'description': 'No data found, symbol may be delisted'}
$BEDU: possibly delisted; no timezone found
Got error from yahoo api for ticker BEL, Error: {'code': 'Not Found', 'description': 'No data found, symbol may be delisted'}
$BEL: possibly delisted; no timezone found
Got error from yahoo api for ticker BERY, Error: {'code': 'Not Found', 'description': 'No data found, symbol may be delisted'}
$BERY: possibly delisted; no timezone found
$BFIN: possibly delisted; no price data found  (1d 2017-11-10 -> 2026-08-23)
$BFIT: possibly delisted; no price data found  (1d 2024-02-21 -> 2026-08-23)
Got error from yahoo api for ticker BFK, Error: {'code': 'Not Found', 'description': 'No data found, symbol may be delisted'}
$BFK: possibly delisted; no timezone found
Got error from yahoo api for ticker BFO, Error: {'code': 'Not Found', 'description': 'No data found, symbol may be delisted'}
$BFO: possibly delisted; no timezone found
Got error from yahoo api for ticker BFR, Error: {'code': 'Not Found', 'description': 'No data found, symbol may be delisted'}
$BFR: possibly delisted; no timezone found
Got error from yahoo api for ticker BFS_C, Error: {'code': 'Not Found', 'description': 'No data found, symbol may be delisted'}
$BFS_C: possibly delisted; no timezone found
Got error from yahoo api for ticker BFY, Error: {'code': 'Not Found', 'description': 'No data found, symbol may be delisted'}
$BFY: possibly delisted; no timezone found
Got error from yahoo api for ticker BFZ, Error: {'code': 'Not Found', 'description': 'No data found, symbol may be delisted'}
$BFZ: possibly delisted; no timezone found
Got error from yahoo api for ticker BGCA, Error: {'code': 'Not Found', 'description': 'No data found, symbol may be delisted'}
$BGCA: possibly delisted; no timezone found
Got error from yahoo api for ticker BGCP, Error: {'code': 'Not Found', 'description': 'No data found, symbol may be delisted'}
$BGCP: possibly delisted; no timezone found
Got error from yahoo api for ticker BGFV, Error: {'code': 'Not Found', 'description': 'No data found, symbol may be delisted'}
$BGFV: possibly delisted; no timezone found
Got error from yahoo api for ticker BGG, Error: {'code': 'Not Found', 'description': 'No data found, symbol may be delisted'}
$BGG: possibly delisted; no timezone found
Got error from yahoo api for ticker BGIO, Error: {'code': 'Not Found', 'description': 'No data found, symbol may be delisted'}
$BGIO: possibly delisted; no timezone found
Got error from yahoo api for ticker BGNE, Error: {'code': 'Not Found', 'description': 'No data found, symbol may be delisted'}
$BGNE: possibly delisted; no timezone found
Got error from yahoo api for ticker BHAC, Error: {'code': 'Not Found', 'description': 'No data found, symbol may be delisted'}
$BHAC: possibly delisted; no timezone found
Got error from yahoo api for ticker BHACR, Error: {'code': 'Not Found', 'description': 'No data found, symbol may be delisted'}
$BHACR: possibly delisted; no timezone found
Got error from yahoo api for ticker BHACU, Error: {'code': 'Not Found', 'description': 'No data found, symbol may be delisted'}
$BHACU: possibly delisted; no timezone found
Got error from yahoo api for ticker BHACW, Error: {'code': 'Not Found', 'description': 'No data found, symbol may be delisted'}
$BHACW: possibly delisted; no timezone found
Got error from yahoo api for ticker BHBK, Error: {'code': 'Not Found', 'description': 'No data found, symbol may be delisted'}
$BHBK: possibly delisted; no timezone found
Got error from yahoo api for ticker BHGE, Error: {'code': 'Not Found', 'description': 'No data found, symbol may be delisted'}
$BHGE: possibly delisted; no timezone found
Got error from yahoo api for ticker BHLB, Error: {'code': 'Not Found', 'description': 'No data found, symbol may be delisted'}
$BHLB: possibly delisted; no timezone found
Got error from yahoo api for ticker BIF, Error: {'code': 'Not Found', 'description': 'No data found, symbol may be delisted'}
$BIF: possibly delisted; no timezone found
Got error from yahoo api for ticker BIG, Error: {'code': 'Not Found', 'description': 'No data found, symbol may be delisted'}
$BIG: possibly delisted; no timezone found
Got error from yahoo api for ticker BIOC, Error: {'code': 'Not Found', 'description': 'No data found, symbol may be delisted'}
$BIOC: possibly delisted; no timezone found
Got error from yahoo api for ticker BIOL, Error: {'code': 'Not Found', 'description': 'No data found, symbol may be delisted'}
$BIOL: possibly delisted; no timezone found
Got error from yahoo api for ticker BIOS, Error: {'code': 'Not Found', 'description': 'No data found, symbol may be delisted'}
$BIOS: possibly delisted; no timezone found
$BIVV: possibly delisted; no price data found  (1d 2017-11-10 -> 2026-08-23)
Got error from yahoo api for ticker BJK, Error: {'code': 'Not Found', 'description': 'No data found, symbol may be delisted'}
$BJK: possibly delisted; no timezone found
$BJZ: possibly delisted; no price data found  (1d 2019-01-11 -> 2026-08-23)
Got error from yahoo api for ticker BK, Error: {'code': 'Not Found', 'description': 'No data found, symbol may be delisted'}
$BK: possibly delisted; no timezone found
Got error from yahoo api for ticker BKCC, Error: {'code': 'Not Found', 'description': 'No data found, symbol may be delisted'}
$BKCC: possibly delisted; no timezone found
Got error from yahoo api for ticker BKEP, Error: {'code': 'Not Found', 'description': 'No data found, symbol may be delisted'}
$BKEP: possibly delisted; no timezone found
Got error from yahoo api for ticker BKEPP, Error: {'code': 'Not Found', 'description': 'No data found, symbol may be delisted'}
$BKEPP: possibly delisted; no timezone found
Got error from yahoo api for ticker BKHU, Error: {'code': 'Not Found', 'description': 'No data found, symbol may be delisted'}
$BKHU: possibly delisted; no timezone found
Got error from yahoo api for ticker BKI, Error: {'code': 'Not Found', 'description': 'No data found, symbol may be delisted'}
$BKI: possibly delisted; no timezone found
Got error from yahoo api for ticker BKJ, Error: {'code': 'Not Found', 'description': 'No data found, symbol may be delisted'}
$BKJ: possibly delisted; no timezone found
Got error from yahoo api for ticker BKK, Error: {'code': 'Not Found', 'description': 'No data found, symbol may be delisted'}
$BKK: possibly delisted; no timezone found
$BKMU: possibly delisted; no price data found  (1d 2017-11-10 -> 2026-08-23)
Got error from yahoo api for ticker BKN, Error: {'code': 'Not Found', 'description': 'No data found, symbol may be delisted'}
$BKN: possibly delisted; no timezone found
Got error from yahoo api for ticker BKS, Error: {'code': 'Not Found', 'description': 'No data found, symbol may be delisted'}
$BKS: possibly delisted; no timezone found
Got error from yahoo api for ticker BK_C, Error: {'code': 'Not Found', 'description': 'No data found, symbol may be delisted'}
$BK_C: possibly delisted; no timezone found
Got error from yahoo api for ticker BLCM, Error: {'code': 'Not Found', 'description': 'No data found, symbol may be delisted'}
$BLCM: possibly delisted; no timezone found
Got error from yahoo api for ticker BLE, Error: {'code': 'Not Found', 'description': 'No data found, symbol may be delisted'}
$BLE: possibly delisted; no timezone found
$BLH: possibly delisted; no price data found  (1d 2019-01-11 -> 2026-08-23)
$BLJ: possibly delisted; no price data found  (1d 2017-11-10 -> 2026-08-23)
Got error from yahoo api for ticker BLL, Error: {'code': 'Not Found', 'description': 'No data found, symbol may be delisted'}
$BLL: possibly delisted; no timezone found
Got error from yahoo api for ticker BLMT, Error: {'code': 'Not Found', 'description': 'No data found, symbol may be delisted'}
$BLMT: possibly delisted; no timezone found
Got error from yahoo api for ticker BLPH, Error: {'code': 'Not Found', 'description': 'No data found, symbol may be delisted'}
$BLPH: possibly delisted; no timezone found
Got error from yahoo api for ticker BLUE, Error: {'code': 'Not Found', 'description': 'No data found, symbol may be delisted'}
$BLUE: possibly delisted; no timezone found
$BLVD: possibly delisted; no price data found  (1d 2017-11-10 -> 2026-08-23)
$BLVDU: possibly delisted; no price data found  (1d 2017-11-10 -> 2026-08-23)
Got error from yahoo api for ticker BLVDW, Error: {'code': 'Not Found', 'description': 'No data found, symbol may be delisted'}
$BLVDW: possibly delisted; no timezone found
Got error from yahoo api for ticker BMCH, Error: {'code': 'Not Found', 'description': 'No data found, symbol may be delisted'}
$BMCH: possibly delisted; no timezone found
Got error from yahoo api for ticker BMLA, Error: {'code': 'Not Found', 'description': 'No data found, symbol may be delisted'}
$BMLA: possibly delisted; no timezone found
Got error from yahoo api for ticker BML_G, Error: {'code': 'Not Found', 'description': 'No data found, symbol may be delisted'}
$BML_G: possibly delisted; no timezone found
Got error from yahoo api for ticker BML_H, Error: {'code': 'Not Found', 'description': 'No data found, symbol may be delisted'}
$BML_H: possibly delisted; no timezone found
Got error from yahoo api for ticker BML_I, Error: {'code': 'Not Found', 'description': 'No data found, symbol may be delisted'}
$BML_I: possibly delisted; no timezone found
Got error from yahoo api for ticker BML_J, Error: {'code': 'Not Found', 'description': 'No data found, symbol may be delisted'}
$BML_J: possibly delisted; no timezone found
Got error from yahoo api for ticker BML_L, Error: {'code': 'Not Found', 'description': 'No data found, symbol may be delisted'}
$BML_L: possibly delisted; no timezone found
$BMS: possibly delisted; no price data found  (1d 2019-06-10 -> 2026-08-23)
Got error from yahoo api for ticker BMTC, Error: {'code': 'Not Found', 'description': 'No data found, symbol may be delisted'}
$BMTC: possibly delisted; no timezone found
Got error from yahoo api for ticker BNCL, Error: {'code': 'Not Found', 'description': 'No data found, symbol may be delisted'}
$BNCL: possibly delisted; no timezone found
Got error from yahoo api for ticker BNFT, Error: {'code': 'Not Found', 'description': 'No data found, symbol may be delisted'}
$BNFT: possibly delisted; no timezone found
Got error from yahoo api for ticker BNSO, Error: {'code': 'Not Found', 'description': 'No data found, symbol may be delisted'}
$BNSO: possibly delisted; no timezone found
Got error from yahoo api for ticker BNTCW, Error: {'code': 'Not Found', 'description': 'No data found, symbol may be delisted'}
$BNTCW: possibly delisted; no timezone found
$BOBE: possibly delisted; no price data found  (1d 2017-11-10 -> 2026-08-23)
Got error from yahoo api for ticker BOCH, Error: {'code': 'Not Found', 'description': 'No data found, symbol may be delisted'}
$BOCH: possibly delisted; no timezone found
$BOFI: possibly delisted; no price data found  (1d 2017-11-10 -> 2026-08-23)
$BOFIL: possibly delisted; no price data found  (1d 2017-11-09 -> 2026-08-23)
$BOJA: possibly delisted; no price data found  (1d 2017-11-10 -> 2026-08-23)
Got error from yahoo api for ticker BOKFL, Error: {'code': 'Not Found', 'description': 'No data found, symbol may be delisted'}
$BOKFL: possibly delisted; no timezone found
$BOM: possibly delisted; no price data found  (1d 2026-08-14 -> 2026-08-23) (Yahoo error = "No data found, symbol may be delisted")
Got error from yahoo api for ticker BOMN, Error: {'code': 'Not Found', 'description': 'No data found, symbol may be delisted'}
$BOMN: possibly delisted; no timezone found
$BONT: possibly delisted; no price data found  (1d 2017-11-08 -> 2026-08-23)
Got error from yahoo api for ticker BORN, Error: {'code': 'Not Found', 'description': 'No data found, symbol may be delisted'}
$BORN: possibly delisted; no timezone found
Got error from yahoo api for ticker BPFH, Error: {'code': 'Not Found', 'description': 'No data found, symbol may be delisted'}
$BPFH: possibly delisted; no timezone found
Got error from yahoo api for ticker BPFHP, Error: {'code': 'Not Found', 'description': 'No data found, symbol may be delisted'}
$BPFHP: possibly delisted; no timezone found
Got error from yahoo api for ticker BPFHW, Error: {'code': 'Not Found', 'description': 'No data found, symbol may be delisted'}
$BPFHW: possibly delisted; no timezone found
$BPK: possibly delisted; no price data found  (1d 2019-01-11 -> 2026-08-23) (Yahoo error = "No data found, symbol may be delisted")
Got error from yahoo api for ticker BPL, Error: {'code': 'Not Found', 'description': 'No data found, symbol may be delisted'}
$BPL: possibly delisted; no timezone found
Got error from yahoo api for ticker BPMC, Error: {'code': 'Not Found', 'description': 'No data found, symbol may be delisted'}
$BPMC: possibly delisted; no timezone found
Got error from yahoo api for ticker BPMP, Error: {'code': 'Not Found', 'description': 'No data found, symbol may be delisted'}
$BPMP: possibly delisted; no timezone found
Got error from yahoo api for ticker BPMX, Error: {'code': 'Not Found', 'description': 'No data found, symbol may be delisted'}
$BPMX: possibly delisted; no timezone found
Got error from yahoo api for ticker BPOPN, Error: {'code': 'Not Found', 'description': 'No data found, symbol may be delisted'}
$BPOPN: possibly delisted; no timezone found
Got error from yahoo api for ticker BPT, Error: {'code': 'Not Found', 'description': 'No data found, symbol may be delisted'}
$BPT: possibly delisted; no timezone found
Got error from yahoo api for ticker BPY, Error: {'code': 'Not Found', 'description': 'No data found, symbol may be delisted'}
$BPY: possibly delisted; no timezone found
Got error from yahoo api for ticker BQH, Error: {'code': 'Not Found', 'description': 'No data found, symbol may be delisted'}
$BQH: possibly delisted; no timezone found
Got error from yahoo api for ticker BRAC, Error: {'code': 'Not Found', 'description': 'No data found, symbol may be delisted'}
$BRAC: possibly delisted; no timezone found
Got error from yahoo api for ticker BRACR, Error: {'code': 'Not Found', 'description': 'No data found, symbol may be delisted'}
$BRACR: possibly delisted; no timezone found
Got error from yahoo api for ticker BRACU, Error: {'code': 'Not Found', 'description': 'No data found, symbol may be delisted'}
$BRACU: possibly delisted; no timezone found
Got error from yahoo api for ticker BRACW, Error: {'code': 'Not Found', 'description': 'No data found, symbol may be delisted'}
$BRACW: possibly delisted; no timezone found
$BRCD: possibly delisted; no price data found  (1d 2017-11-10 -> 2026-08-23)
Got error from yahoo api for ticker BRFS, Error: {'code': 'Not Found', 'description': 'No data found, symbol may be delisted'}
$BRFS: possibly delisted; no timezone found
Got error from yahoo api for ticker BRG, Error: {'code': 'Not Found', 'description': 'No data found, symbol may be delisted'}
$BRG: possibly delisted; no timezone found
$BRGL: possibly delisted; no price data found  (1d 2019-08-19 -> 2026-08-23)
Got error from yahoo api for ticker BRG_A, Error: {'code': 'Not Found', 'description': 'No data found, symbol may be delisted'}
$BRG_A: possibly delisted; no timezone found
Got error from yahoo api for ticker BRG_C, Error: {'code': 'Not Found', 'description': 'No data found, symbol may be delisted'}
$BRG_C: possibly delisted; no timezone found
Got error from yahoo api for ticker BRG_D, Error: {'code': 'Not Found', 'description': 'No data found, symbol may be delisted'}
$BRG_D: possibly delisted; no timezone found
Got error from yahoo api for ticker BRKS, Error: {'code': 'Not Found', 'description': 'No data found, symbol may be delisted'}
$BRKS: possibly delisted; no timezone found
Got error from yahoo api for ticker BRQS, Error: {'code': 'Not Found', 'description': 'No data found, symbol may be delisted'}
$BRQS: possibly delisted; no timezone found
Got error from yahoo api for ticker BRQSW, Error: {'code': 'Not Found', 'description': 'No data found, symbol may be delisted'}
$BRQSW: possibly delisted; no timezone found
Got error from yahoo api for ticker BRS, Error: {'code': 'Not Found', 'description': 'No data found, symbol may be delisted'}
$BRS: possibly delisted; no timezone found
Got error from yahoo api for ticker BRSS, Error: {'code': 'Not Found', 'description': 'No data found, symbol may be delisted'}
$BRSS: possibly delisted; no timezone found
$BSCI: possibly delisted; no price data found  (1d 2017-11-10 -> 2026-08-23)
$BSCK: possibly delisted; no price data found  (1d 2020-12-17 -> 2026-08-23)
$BSCM: possibly delisted; no price data found  (1d 2022-12-22 -> 2026-08-23)
Got error from yahoo api for ticker BSD, Error: {'code': 'Not Found', 'description': 'No data found, symbol may be delisted'}
$BSD: possibly delisted; no timezone found
Got error from yahoo api for ticker BSE, Error: {'code': 'Not Found', 'description': 'No data found, symbol may be delisted'}
$BSE: possibly delisted; no timezone found
$BSF: possibly delisted; no price data found  (1d 2018-04-27 -> 2026-08-23)
$BSFT: possibly delisted; no price data found  (1d 2017-11-10 -> 2026-08-23)
$BSJK: possibly delisted; no price data found  (1d 2020-12-17 -> 2026-08-23)
$BSJL: possibly delisted; no price data found  (1d 2021-12-20 -> 2026-08-23)
$BSJM: possibly delisted; no price data found  (1d 2022-12-22 -> 2026-08-23)
$BSJP: possibly delisted; no price data found  (1d 2025-12-17 -> 2026-08-23)
Got error from yahoo api for ticker BSMX, Error: {'code': 'Not Found', 'description': 'No data found, symbol may be delisted'}
$BSMX: possibly delisted; no timezone found
Got error from yahoo api for ticker BSQR, Error: {'code': 'Not Found', 'description': 'No data found, symbol may be delisted'}
$BSQR: possibly delisted; no timezone found
Got error from yahoo api for ticker BSTC, Error: {'code': 'Not Found', 'description': 'No data found, symbol may be delisted'}
$BSTC: possibly delisted; no timezone found
Got error from yahoo api for ticker BSTI, Error: {'code': 'Not Found', 'description': 'No data found, symbol may be delisted'}
$BSTI: possibly delisted; no timezone found
Got error from yahoo api for ticker BT, Error: {'code': 'Not Found', 'description': 'No data found, symbol may be delisted'}
$BT: possibly delisted; no timezone found
Got error from yahoo api for ticker BTA, Error: {'code': 'Not Found', 'description': 'No data found, symbol may be delisted'}
$BTA: possibly delisted; no timezone found
Got error from yahoo api for ticker BTN, Error: {'code': 'Not Found', 'description': 'No data found, symbol may be delisted'}
$BTN: possibly delisted; no timezone found
Got error from yahoo api for ticker BTU_, Error: {'code': 'Not Found', 'description': 'No data found, symbol may be delisted'}
$BTU_: possibly delisted; no timezone found
Got error from yahoo api for ticker BTX-WS, Error: {'code': 'Not Found', 'description': 'No data found, symbol may be delisted'}
$BTX-WS: possibly delisted; no timezone found
Got error from yahoo api for ticker BVSN, Error: {'code': 'Not Found', 'description': 'No data found, symbol may be delisted'}
$BVSN: possibly delisted; no timezone found
Got error from yahoo api for ticker BVX, Error: {'code': 'Not Found', 'description': 'No data found, symbol may be delisted'}
$BVX: possibly delisted; no timezone found
Got error from yahoo api for ticker BVXV, Error: {'code': 'Not Found', 'description': 'No data found, symbol may be delisted'}
$BVXV: possibly delisted; no timezone found
Got error from yahoo api for ticker BVXVW, Error: {'code': 'Not Found', 'description': 'No data found, symbol may be delisted'}
$BVXVW: possibly delisted; no timezone found
$BWINA: possibly delisted; no price data found  (1d 2017-11-10 -> 2026-08-23)
$BWINB: possibly delisted; no price data found  (1d 2017-11-10 -> 2026-08-23)
Got error from yahoo api for ticker BWL-A, Error: {'code': 'Not Found', 'description': 'No data found, symbol may be delisted'}
$BWL-A: possibly delisted; no timezone found
$BWLD: possibly delisted; no price data found  (1d 2017-11-10 -> 2026-08-23)
$BWP: possibly delisted; no price data found  (1d 2018-07-17 -> 2026-08-23) (Yahoo error = "No data found, symbol may be delisted")
Got error from yahoo api for ticker BWV, Error: {'code': 'Not Found', 'description': 'No data found, symbol may be delisted'}
$BWV: possibly delisted; no timezone found
$BXE: possibly delisted; no price data found  (1d 2017-11-10 -> 2026-08-23)
Got error from yahoo api for ticker BXMX, Error: {'code': 'Not Found', 'description': 'No data found, symbol may be delisted'}
$BXMX: possibly delisted; no timezone found
Got error from yahoo api for ticker BXP_B, Error: {'code': 'Not Found', 'description': 'No data found, symbol may be delisted'}
$BXP_B: possibly delisted; no timezone found
Got error from yahoo api for ticker BXS, Error: {'code': 'Not Found', 'description': 'No data found, symbol may be delisted'}
$BXS: possibly delisted; no timezone found
$BYBK: possibly delisted; no price data found  (1d 2018-04-20 -> 2026-08-23)
Got error from yahoo api for ticker BYM, Error: {'code': 'Not Found', 'description': 'No data found, symbol may be delisted'}
$BYM: possibly delisted; no timezone found
Got error from yahoo api for ticker BZM, Error: {'code': 'Not Found', 'description': 'No data found, symbol may be delisted'}
$BZM: possibly delisted; no timezone found
Got error from yahoo api for ticker C-WS-A, Error: {'code': 'Not Found', 'description': 'No data found, symbol may be delisted'}
$C-WS-A: possibly delisted; no timezone found
Got error from yahoo api for ticker CA, Error: {'code': 'Not Found', 'description': 'No data found, symbol may be delisted'}
$CA: possibly delisted; no timezone found
$CAA: possibly delisted; no price data found  (1d 2018-02-12 -> 2026-08-23)
Got error from yahoo api for ticker CADC, Error: {'code': 'Not Found', 'description': 'No data found, symbol may be delisted'}
$CADC: possibly delisted; no timezone found
Got error from yahoo api for ticker CADE, Error: {'code': 'Not Found', 'description': 'No data found, symbol may be delisted'}
$CADE: possibly delisted; no timezone found
$CAFD: possibly delisted; no price data found  (1d 2017-11-10 -> 2026-08-23)
$CAFE: possibly delisted; no price data found  (1d 2017-11-10 -> 2026-08-23)
Got error from yahoo api for ticker CAJ, Error: {'code': 'Not Found', 'description': 'No data found, symbol may be delisted'}
$CAJ: possibly delisted; no timezone found
$CALD: possibly delisted; no price data found  (1d 2018-04-13 -> 2026-08-23)
Got error from yahoo api for ticker CARA, Error: {'code': 'Not Found', 'description': 'No data found, symbol may be delisted'}
$CARA: possibly delisted; no timezone found
Got error from yahoo api for ticker CARB, Error: {'code': 'Not Found', 'description': 'No data found, symbol may be delisted'}
$CARB: possibly delisted; no timezone found
Got error from yahoo api for ticker CARO, Error: {'code': 'Not Found', 'description': 'No data found, symbol may be delisted'}
$CARO: possibly delisted; no timezone found
$CASC: possibly delisted; no price data found  (1d 2018-03-16 -> 2026-08-23)
Got error from yahoo api for ticker CASI, Error: {'code': 'Not Found', 'description': 'No data found, symbol may be delisted'}
$CASI: possibly delisted; no timezone found
Got error from yahoo api for ticker CASM, Error: {'code': 'Not Found', 'description': 'No data found, symbol may be delisted'}
$CASM: possibly delisted; no timezone found
Got error from yahoo api for ticker CATB, Error: {'code': 'Not Found', 'description': 'No data found, symbol may be delisted'}
$CATB: possibly delisted; no timezone found
$CATC: possibly delisted; no price data found  (1d 2024-12-19 -> 2026-08-23)
Got error from yahoo api for ticker CATM, Error: {'code': 'Not Found', 'description': 'No data found, symbol may be delisted'}
$CATM: possibly delisted; no timezone found
Got error from yahoo api for ticker CATS, Error: {'code': 'Not Found', 'description': 'No data found, symbol may be delisted'}
$CATS: possibly delisted; no timezone found
Got error from yahoo api for ticker CATYW, Error: {'code': 'Not Found', 'description': 'No data found, symbol may be delisted'}
$CATYW: possibly delisted; no timezone found
$CAVM: possibly delisted; no price data found  (1d 2017-11-10 -> 2026-08-23)
Got error from yahoo api for ticker CAW, Error: {'code': 'Not Found', 'description': 'No data found, symbol may be delisted'}
$CAW: possibly delisted; no timezone found
$CBAK: possibly delisted; no price data found  (1d 2017-11-10 -> 2026-08-23)
Got error from yahoo api for ticker CBAY, Error: {'code': 'Not Found', 'description': 'No data found, symbol may be delisted'}
$CBAY: possibly delisted; no timezone found
Got error from yahoo api for ticker CBB, Error: {'code': 'Not Found', 'description': 'No data found, symbol may be delisted'}
$CBB: possibly delisted; no timezone found
Got error from yahoo api for ticker CBB_B, Error: {'code': 'Not Found', 'description': 'No data found, symbol may be delisted'}
$CBB_B: possibly delisted; no timezone found
Got error from yahoo api for ticker CBD, Error: {'code': 'Not Found', 'description': 'No data found, symbol may be delisted'}
$CBD: possibly delisted; no timezone found
$CBF: possibly delisted; no price data found  (1d 2017-11-10 -> 2026-08-23)
$CBG: possibly delisted; no price data found  (1d 2017-11-10 -> 2026-08-23) (Yahoo error = "No data found, symbol may be delisted")
Got error from yahoo api for ticker CBH, Error: {'code': 'Not Found', 'description': 'No data found, symbol may be delisted'}
$CBH: possibly delisted; no timezone found
$CBI: possibly delisted; no price data found  (1d 2017-11-10 -> 2026-08-23) (Yahoo error = "No data found, symbol may be delisted")
Got error from yahoo api for ticker CBLI, Error: {'code': 'Not Found', 'description': 'No data found, symbol may be delisted'}
$CBLI: possibly delisted; no timezone found
Got error from yahoo api for ticker CBL_D, Error: {'code': 'Not Found', 'description': 'No data found, symbol may be delisted'}
$CBL_D: possibly delisted; no timezone found
Got error from yahoo api for ticker CBL_E, Error: {'code': 'Not Found', 'description': 'No data found, symbol may be delisted'}
$CBL_E: possibly delisted; no timezone found
Got error from yahoo api for ticker CBM, Error: {'code': 'Not Found', 'description': 'No data found, symbol may be delisted'}
$CBM: possibly delisted; no timezone found
Got error from yahoo api for ticker CBMG, Error: {'code': 'Not Found', 'description': 'No data found, symbol may be delisted'}
$CBMG: possibly delisted; no timezone found
$CBMX: possibly delisted; no price data found  (1d 2017-11-10 -> 2026-08-23)
Got error from yahoo api for ticker CBMXW, Error: {'code': 'Not Found', 'description': 'No data found, symbol may be delisted'}
$CBMXW: possibly delisted; no timezone found
Got error from yahoo api for ticker CBPO, Error: {'code': 'Not Found', 'description': 'No data found, symbol may be delisted'}
$CBPO: possibly delisted; no timezone found
Got error from yahoo api for ticker CBPX, Error: {'code': 'Not Found', 'description': 'No data found, symbol may be delisted'}
$CBPX: possibly delisted; no timezone found
Got error from yahoo api for ticker CBS, Error: {'code': 'Not Found', 'description': 'No data found, symbol may be delisted'}
$CBS: possibly delisted; no timezone found
Got error from yahoo api for ticker CBS-A, Error: {'code': 'Not Found', 'description': 'No data found, symbol may be delisted'}
$CBS-A: possibly delisted; no timezone found
Got error from yahoo api for ticker CBSHP, Error: {'code': 'Not Found', 'description': 'No data found, symbol may be delisted'}
$CBSHP: possibly delisted; no timezone found
Got error from yahoo api for ticker CBTX, Error: {'code': 'Not Found', 'description': 'No data found, symbol may be delisted'}
$CBTX: possibly delisted; no timezone found
Got error from yahoo api for ticker CBX, Error: {'code': 'Not Found', 'description': 'No data found, symbol may be delisted'}
$CBX: possibly delisted; no timezone found
Got error from yahoo api for ticker CCA, Error: {'code': 'Not Found', 'description': 'No data found, symbol may be delisted'}
$CCA: possibly delisted; no timezone found
Got error from yahoo api for ticker CCCL, Error: {'code': 'Not Found', 'description': 'No data found, symbol may be delisted'}
$CCCL: possibly delisted; no timezone found
$CCCR: possibly delisted; no price data found  (1d 2017-11-10 -> 2026-08-23)
$CCE: possibly delisted; no price data found  (1d 2017-11-10 -> 2026-08-23)
Got error from yahoo api for ticker CCF, Error: {'code': 'Not Found', 'description': 'No data found, symbol may be delisted'}
$CCF: possibly delisted; no timezone found
$CCIH: possibly delisted; no price data found  (1d 2017-11-10 -> 2026-08-23)
Got error from yahoo api for ticker CCI_A, Error: {'code': 'Not Found', 'description': 'No data found, symbol may be delisted'}
$CCI_A: possibly delisted; no timezone found
Got error from yahoo api for ticker CCLP, Error: {'code': 'Not Found', 'description': 'No data found, symbol may be delisted'}
$CCLP: possibly delisted; no timezone found
Got error from yahoo api for ticker CCMP, Error: {'code': 'Not Found', 'description': 'No data found, symbol may be delisted'}
$CCMP: possibly delisted; no timezone found
Got error from yahoo api for ticker CCRC, Error: {'code': 'Not Found', 'description': 'No data found, symbol may be delisted'}
$CCRC: possibly delisted; no timezone found
$CCRN: possibly delisted; no price data found  (1d 2026-07-28 -> 2026-08-23)
Got error from yahoo api for ticker CCV, Error: {'code': 'Not Found', 'description': 'No data found, symbol may be delisted'}
$CCV: possibly delisted; no timezone found
Got error from yahoo api for ticker CCV-CL, Error: {'code': 'Not Found', 'description': 'No data found, symbol may be delisted'}
$CCV-CL: possibly delisted; no timezone found
Got error from yahoo api for ticker CDEV, Error: {'code': 'Not Found', 'description': 'No data found, symbol may be delisted'}
$CDEV: possibly delisted; no timezone found
Got error from yahoo api for ticker CDK, Error: {'code': 'Not Found', 'description': 'No data found, symbol may be delisted'}
$CDK: possibly delisted; no timezone found
Got error from yahoo api for ticker CDOR, Error: {'code': 'Not Found', 'description': 'No data found, symbol may be delisted'}
$CDOR: possibly delisted; no timezone found
Got error from yahoo api for ticker CDR, Error: {'code': 'Not Found', 'description': 'No data found, symbol may be delisted'}
$CDR: possibly delisted; no timezone found
Got error from yahoo api for ticker CDR_B, Error: {'code': 'Not Found', 'description': 'No data found, symbol may be delisted'}
$CDR_B: possibly delisted; no timezone found
Got error from yahoo api for ticker CDR_C, Error: {'code': 'Not Found', 'description': 'No data found, symbol may be delisted'}
$CDR_C: possibly delisted; no timezone found
Got error from yahoo api for ticker CDTX, Error: {'code': 'Not Found', 'description': 'No data found, symbol may be delisted'}
$CDTX: possibly delisted; no timezone found
Got error from yahoo api for ticker CDXC, Error: {'code': 'Not Found', 'description': 'No data found, symbol may be delisted'}
$CDXC: possibly delisted; no timezone found
Got error from yahoo api for ticker CEA, Error: {'code': 'Not Found', 'description': 'No data found, symbol may be delisted'}
$CEA: possibly delisted; no timezone found
Got error from yahoo api for ticker CECE, Error: {'code': 'Not Found', 'description': 'No data found, symbol may be delisted'}
$CECE: possibly delisted; no timezone found
Got error from yahoo api for ticker CEI, Error: {'code': 'Not Found', 'description': 'No data found, symbol may be delisted'}
$CEI: possibly delisted; no timezone found
Got error from yahoo api for ticker CEL, Error: {'code': 'Not Found', 'description': 'No data found, symbol may be delisted'}
$CEL: possibly delisted; no timezone found
Got error from yahoo api for ticker CELG, Error: {'code': 'Not Found', 'description': 'No data found, symbol may be delisted'}
$CELG: possibly delisted; no timezone found
Got error from yahoo api for ticker CELGZ, Error: {'code': 'Not Found', 'description': 'No data found, symbol may be delisted'}
$CELGZ: possibly delisted; no timezone found
Got error from yahoo api for ticker CELP, Error: {'code': 'Not Found', 'description': 'No data found, symbol may be delisted'}
$CELP: possibly delisted; no timezone found
Got error from yahoo api for ticker CEM, Error: {'code': 'Not Found', 'description': 'No data found, symbol may be delisted'}
$CEM: possibly delisted; no timezone found
Got error from yahoo api for ticker CEMI, Error: {'code': 'Not Found', 'description': 'No data found, symbol may be delisted'}
$CEMI: possibly delisted; no timezone found
Got error from yahoo api for ticker CEN, Error: {'code': 'Not Found', 'description': 'No data found, symbol may be delisted'}
$CEN: possibly delisted; no timezone found
Got error from yahoo api for ticker CEO, Error: {'code': 'Not Found', 'description': 'No data found, symbol may be delisted'}
$CEO: possibly delisted; no timezone found
Got error from yahoo api for ticker CEQP, Error: {'code': 'Not Found', 'description': 'No data found, symbol may be delisted'}
$CEQP: possibly delisted; no timezone found
Got error from yahoo api for ticker CERC, Error: {'code': 'Not Found', 'description': 'No data found, symbol may be delisted'}
$CERC: possibly delisted; no timezone found
Got error from yahoo api for ticker CERCW, Error: {'code': 'Not Found', 'description': 'No data found, symbol may be delisted'}
$CERCW: possibly delisted; no timezone found
Got error from yahoo api for ticker CERN, Error: {'code': 'Not Found', 'description': 'No data found, symbol may be delisted'}
$CERN: possibly delisted; no timezone found
Got error from yahoo api for ticker CETV, Error: {'code': 'Not Found', 'description': 'No data found, symbol may be delisted'}
$CETV: possibly delisted; no timezone found
Got error from yahoo api for ticker CETXW, Error: {'code': 'Not Found', 'description': 'No data found, symbol may be delisted'}
$CETXW: possibly delisted; no timezone found
$CEZ: possibly delisted; no price data found  (1d 2021-04-01 -> 2026-08-23)
Got error from yahoo api for ticker CFBI, Error: {'code': 'Not Found', 'description': 'No data found, symbol may be delisted'}
$CFBI: possibly delisted; no timezone found
$CFCO: possibly delisted; no price data found  (1d 2017-11-10 -> 2026-08-23)
$CFCOU: possibly delisted; no price data found  (1d 2017-11-10 -> 2026-08-23)
Got error from yahoo api for ticker CFCOW, Error: {'code': 'Not Found', 'description': 'No data found, symbol may be delisted'}
$CFCOW: possibly delisted; no timezone found
Got error from yahoo api for ticker CFC_B, Error: {'code': 'Not Found', 'description': 'No data found, symbol may be delisted'}
$CFC_B: possibly delisted; no timezone found
Got error from yahoo api for ticker CFMS, Error: {'code': 'Not Found', 'description': 'No data found, symbol may be delisted'}
$CFMS: possibly delisted; no timezone found
Got error from yahoo api for ticker CFRX, Error: {'code': 'Not Found', 'description': 'No data found, symbol may be delisted'}
$CFRX: possibly delisted; no timezone found
Got error from yahoo api for ticker CFR_A, Error: {'code': 'Not Found', 'description': 'No data found, symbol may be delisted'}
$CFR_A: possibly delisted; no timezone found
Got error from yahoo api for ticker CFX, Error: {'code': 'Not Found', 'description': 'No data found, symbol may be delisted'}
$CFX: possibly delisted; no timezone found
Got error from yahoo api for ticker CGA, Error: {'code': 'Not Found', 'description': 'No data found, symbol may be delisted'}
$CGA: possibly delisted; no timezone found
$CGG: possibly delisted; no price data found  (1d 2017-11-09 -> 2026-08-23) (Yahoo error = "No data found, symbol may be delisted")
$CGI: possibly delisted; no price data found  (1d 2017-11-10 -> 2026-08-23)
Got error from yahoo api for ticker CGIX, Error: {'code': 'Not Found', 'description': 'No data found, symbol may be delisted'}
$CGIX: possibly delisted; no timezone found
$CH: possibly delisted; no price data found  (1d 2017-11-10 -> 2026-08-23)
Got error from yahoo api for ticker CHEK, Error: {'code': 'Not Found', 'description': 'No data found, symbol may be delisted'}
$CHEK: possibly delisted; no timezone found
Got error from yahoo api for ticker CHEKW, Error: {'code': 'Not Found', 'description': 'No data found, symbol may be delisted'}
$CHEKW: possibly delisted; no timezone found
Got error from yahoo api for ticker CHFC, Error: {'code': 'Not Found', 'description': 'No data found, symbol may be delisted'}
$CHFC: possibly delisted; no timezone found
$CHFN: possibly delisted; no price data found  (1d 2017-11-10 -> 2026-08-23)
Got error from yahoo api for ticker CHFS, Error: {'code': 'Not Found', 'description': 'No data found, symbol may be delisted'}
$CHFS: possibly delisted; no timezone found
Got error from yahoo api for ticker CHK, Error: {'code': 'Not Found', 'description': 'No data found, symbol may be delisted'}
$CHK: possibly delisted; no timezone found
$CHKE: possibly delisted; no price data found  (1d 2017-11-10 -> 2026-08-23)
Got error from yahoo api for ticker CHK_D, Error: {'code': 'Not Found', 'description': 'No data found, symbol may be delisted'}
$CHK_D: possibly delisted; no timezone found
Got error from yahoo api for ticker CHL, Error: {'code': 'Not Found', 'description': 'No data found, symbol may be delisted'}
$CHL: possibly delisted; no timezone found
Got error from yahoo api for ticker CHMA, Error: {'code': 'Not Found', 'description': 'No data found, symbol may be delisted'}
$CHMA: possibly delisted; no timezone found
Got error from yahoo api for ticker CHMI_A, Error: {'code': 'Not Found', 'description': 'No data found, symbol may be delisted'}
$CHMI_A: possibly delisted; no timezone found
Got error from yahoo api for ticker CHN, Error: {'code': 'Not Found', 'description': 'No data found, symbol may be delisted'}
$CHN: possibly delisted; no timezone found
Got error from yahoo api for ticker CHS, Error: {'code': 'Not Found', 'description': 'No data found, symbol may be delisted'}
$CHS: possibly delisted; no timezone found
Got error from yahoo api for ticker CHSP, Error: {'code': 'Not Found', 'description': 'No data found, symbol may be delisted'}
$CHSP: possibly delisted; no timezone found
Got error from yahoo api for ticker CHU, Error: {'code': 'Not Found', 'description': 'No data found, symbol may be delisted'}
$CHU: possibly delisted; no timezone found
$CHUBA: possibly delisted; no price data found  (1d 2017-11-10 -> 2026-08-23)
Got error from yahoo api for ticker CHUBK, Error: {'code': 'Not Found', 'description': 'No data found, symbol may be delisted'}
$CHUBK: possibly delisted; no timezone found
Got error from yahoo api for ticker CHUY, Error: {'code': 'Not Found', 'description': 'No data found, symbol may be delisted'}
$CHUY: possibly delisted; no timezone found
Got error from yahoo api for ticker CIC, Error: {'code': 'Not Found', 'description': 'No data found, symbol may be delisted'}
$CIC: possibly delisted; no timezone found
Got error from yahoo api for ticker CIC-U, Error: {'code': 'Not Found', 'description': 'No data found, symbol may be delisted'}
$CIC-U: possibly delisted; no timezone found
Got error from yahoo api for ticker CIC-WS, Error: {'code': 'Not Found', 'description': 'No data found, symbol may be delisted'}
$CIC-WS: possibly delisted; no timezone found
Got error from yahoo api for ticker CIDM, Error: {'code': 'Not Found', 'description': 'No data found, symbol may be delisted'}
$CIDM: possibly delisted; no timezone found
$CIE: possibly delisted; no price data found  (1d 2017-11-10 -> 2026-08-23) (Yahoo error = "No data found, symbol may be delisted")
$CIF: possibly delisted; no price data found  (1d 2017-11-10 -> 2026-08-23) (Yahoo error = "No data found, symbol may be delisted")
Got error from yahoo api for ticker CIFS, Error: {'code': 'Not Found', 'description': 'No data found, symbol may be delisted'}
$CIFS: possibly delisted; no timezone found
$CIL: possibly delisted; no price data found  (1d 2026-02-04 -> 2026-08-23)
Got error from yahoo api for ticker CIM_A, Error: {'code': 'Not Found', 'description': 'No data found, symbol may be delisted'}
$CIM_A: possibly delisted; no timezone found
Got error from yahoo api for ticker CIM_B, Error: {'code': 'Not Found', 'description': 'No data found, symbol may be delisted'}
$CIM_B: possibly delisted; no timezone found
Got error from yahoo api for ticker CINR, Error: {'code': 'Not Found', 'description': 'No data found, symbol may be delisted'}
$CINR: possibly delisted; no timezone found
Got error from yahoo api for ticker CIO, Error: {'code': 'Not Found', 'description': 'No data found, symbol may be delisted'}
$CIO: possibly delisted; no timezone found
Got error from yahoo api for ticker CIO_A, Error: {'code': 'Not Found', 'description': 'No data found, symbol may be delisted'}
$CIO_A: possibly delisted; no timezone found
Got error from yahoo api for ticker CISN, Error: {'code': 'Not Found', 'description': 'No data found, symbol may be delisted'}
$CISN: possibly delisted; no timezone found
Got error from yahoo api for ticker CISN-WS, Error: {'code': 'Not Found', 'description': 'No data found, symbol may be delisted'}
$CISN-WS: possibly delisted; no timezone found
Got error from yahoo api for ticker CIT, Error: {'code': 'Not Found', 'description': 'No data found, symbol may be delisted'}
$CIT: possibly delisted; no timezone found
Got error from yahoo api for ticker CIU, Error: {'code': 'Not Found', 'description': 'No data found, symbol may be delisted'}
$CIU: possibly delisted; no timezone found
Got error from yahoo api for ticker CIVBP, Error: {'code': 'Not Found', 'description': 'No data found, symbol may be delisted'}
$CIVBP: possibly delisted; no timezone found
Got error from yahoo api for ticker CIVI, Error: {'code': 'Not Found', 'description': 'No data found, symbol may be delisted'}
$CIVI: possibly delisted; no timezone found
Got error from yahoo api for ticker CJ, Error: {'code': 'Not Found', 'description': 'No data found, symbol may be delisted'}
$CJ: possibly delisted; no timezone found
Got error from yahoo api for ticker CJJD, Error: {'code': 'Not Found', 'description': 'No data found, symbol may be delisted'}
$CJJD: possibly delisted; no timezone found
Got error from yahoo api for ticker CKH, Error: {'code': 'Not Found', 'description': 'No data found, symbol may be delisted'}
$CKH: possibly delisted; no timezone found
Got error from yahoo api for ticker CKPT, Error: {'code': 'Not Found', 'description': 'No data found, symbol may be delisted'}
$CKPT: possibly delisted; no timezone found
Got error from yahoo api for ticker CLBS, Error: {'code': 'Not Found', 'description': 'No data found, symbol may be delisted'}
$CLBS: possibly delisted; no timezone found
Got error from yahoo api for ticker CLCT, Error: {'code': 'Not Found', 'description': 'No data found, symbol may be delisted'}
$CLCT: possibly delisted; no timezone found
Got error from yahoo api for ticker CLD, Error: {'code': 'Not Found', 'description': 'No data found, symbol may be delisted'}
$CLD: possibly delisted; no timezone found
Got error from yahoo api for ticker CLDC, Error: {'code': 'Not Found', 'description': 'No data found, symbol may be delisted'}
$CLDC: possibly delisted; no timezone found
Got error from yahoo api for ticker CLDR, Error: {'code': 'Not Found', 'description': 'No data found, symbol may be delisted'}
$CLDR: possibly delisted; no timezone found
Got error from yahoo api for ticker CLGX, Error: {'code': 'Not Found', 'description': 'No data found, symbol may be delisted'}
$CLGX: possibly delisted; no timezone found
Got error from yahoo api for ticker CLI, Error: {'code': 'Not Found', 'description': 'No data found, symbol may be delisted'}
$CLI: possibly delisted; no timezone found
Got error from yahoo api for ticker CLIRW, Error: {'code': 'Not Found', 'description': 'No data found, symbol may be delisted'}
$CLIRW: possibly delisted; no timezone found
$CLNS: possibly delisted; no price data found  (1d 2017-11-10 -> 2026-08-23)
Got error from yahoo api for ticker CLNS_B, Error: {'code': 'Not Found', 'description': 'No data found, symbol may be delisted'}
$CLNS_B: possibly delisted; no timezone found
Got error from yahoo api for ticker CLNS_C-CL, Error: {'code': 'Not Found', 'description': 'No data found, symbol may be delisted'}
$CLNS_C-CL: possibly delisted; no timezone found
Got error from yahoo api for ticker CLNS_D, Error: {'code': 'Not Found', 'description': 'No data found, symbol may be delisted'}
$CLNS_D: possibly delisted; no timezone found
Got error from yahoo api for ticker CLNS_E, Error: {'code': 'Not Found', 'description': 'No data found, symbol may be delisted'}
$CLNS_E: possibly delisted; no timezone found
Got error from yahoo api for ticker CLNS_G, Error: {'code': 'Not Found', 'description': 'No data found, symbol may be delisted'}
$CLNS_G: possibly delisted; no timezone found
Got error from yahoo api for ticker CLNS_H, Error: {'code': 'Not Found', 'description': 'No data found, symbol may be delisted'}
$CLNS_H: possibly delisted; no timezone found
Got error from yahoo api for ticker CLNS_I, Error: {'code': 'Not Found', 'description': 'No data found, symbol may be delisted'}
$CLNS_I: possibly delisted; no timezone found
Got error from yahoo api for ticker CLNS_J, Error: {'code': 'Not Found', 'description': 'No data found, symbol may be delisted'}
$CLNS_J: possibly delisted; no timezone found
$CLNT: possibly delisted; no price data found  (1d 2017-11-10 -> 2026-08-23)
Got error from yahoo api for ticker CLR, Error: {'code': 'Not Found', 'description': 'No data found, symbol may be delisted'}
$CLR: possibly delisted; no timezone found
Got error from yahoo api for ticker CLRBW, Error: {'code': 'Not Found', 'description': 'No data found, symbol may be delisted'}
$CLRBW: possibly delisted; no timezone found
Got error from yahoo api for ticker CLRBZ, Error: {'code': 'Not Found', 'description': 'No data found, symbol may be delisted'}
$CLRBZ: possibly delisted; no timezone found
$CLSD: possibly delisted; no price data found  (1d 2017-11-10 -> 2026-08-23) (Yahoo error = "No data found, symbol may be delisted")
Got error from yahoo api for ticker CLSN, Error: {'code': 'Not Found', 'description': 'No data found, symbol may be delisted'}
$CLSN: possibly delisted; no timezone found
Got error from yahoo api for ticker CLVS, Error: {'code': 'Not Found', 'description': 'No data found, symbol may be delisted'}
$CLVS: possibly delisted; no timezone found
Got error from yahoo api for ticker CLXT, Error: {'code': 'Not Found', 'description': 'No data found, symbol may be delisted'}
$CLXT: possibly delisted; no timezone found
$CLY: possibly delisted; no price data found  (1d 2018-07-31 -> 2026-08-23) (Yahoo error = "No data found, symbol may be delisted")
Got error from yahoo api for ticker CMA, Error: {'code': 'Not Found', 'description': 'No data found, symbol may be delisted'}
$CMA: possibly delisted; no timezone found
Got error from yahoo api for ticker CMA-WS, Error: {'code': 'Not Found', 'description': 'No data found, symbol may be delisted'}
$CMA-WS: possibly delisted; no timezone found
Got error from yahoo api for ticker CMD, Error: {'code': 'Not Found', 'description': 'No data found, symbol may be delisted'}
$CMD: possibly delisted; no timezone found
Got error from yahoo api for ticker CMFN, Error: {'code': 'Not Found', 'description': 'No data found, symbol may be delisted'}
$CMFN: possibly delisted; no timezone found
$CMLS: possibly delisted; no price data found  (1d 2017-11-10 -> 2026-08-23) (Yahoo error = "No data found, symbol may be delisted")
Got error from yahoo api for ticker CMO, Error: {'code': 'Not Found', 'description': 'No data found, symbol may be delisted'}
$CMO: possibly delisted; no timezone found
Got error from yahoo api for ticker CMO_E, Error: {'code': 'Not Found', 'description': 'No data found, symbol may be delisted'}
$CMO_E: possibly delisted; no timezone found
Got error from yahoo api for ticker CMRE_B, Error: {'code': 'Not Found', 'description': 'No data found, symbol may be delisted'}
$CMRE_B: possibly delisted; no timezone found
Got error from yahoo api for ticker CMRE_C, Error: {'code': 'Not Found', 'description': 'No data found, symbol may be delisted'}
$CMRE_C: possibly delisted; no timezone found
Got error from yahoo api for ticker CMRE_D, Error: {'code': 'Not Found', 'description': 'No data found, symbol may be delisted'}
$CMRE_D: possibly delisted; no timezone found
Got error from yahoo api for ticker CMRX, Error: {'code': 'Not Found', 'description': 'No data found, symbol may be delisted'}
$CMRX: possibly delisted; no timezone found
Got error from yahoo api for ticker CMSS, Error: {'code': 'Not Found', 'description': 'No data found, symbol may be delisted'}
$CMSS: possibly delisted; no timezone found
Got error from yahoo api for ticker CMSSR, Error: {'code': 'Not Found', 'description': 'No data found, symbol may be delisted'}
$CMSSR: possibly delisted; no timezone found
Got error from yahoo api for ticker CMSSU, Error: {'code': 'Not Found', 'description': 'No data found, symbol may be delisted'}
$CMSSU: possibly delisted; no timezone found
Got error from yahoo api for ticker CMSSW, Error: {'code': 'Not Found', 'description': 'No data found, symbol may be delisted'}
$CMSSW: possibly delisted; no timezone found
Got error from yahoo api for ticker CMS_B, Error: {'code': 'Not Found', 'description': 'No data found, symbol may be delisted'}
$CMS_B: possibly delisted; no timezone found
Got error from yahoo api for ticker CMTA, Error: {'code': 'Not Found', 'description': 'No data found, symbol may be delisted'}
$CMTA: possibly delisted; no timezone found
$CMU: possibly delisted; no price data found  (1d 2017-11-10 -> 2026-08-23) (Yahoo error = "No data found, symbol may be delisted")
$CN: possibly delisted; no price data found  (1d 2017-11-10 -> 2026-08-23) (Yahoo error = "No data found, symbol may be delisted")
Got error from yahoo api for ticker CNAC, Error: {'code': 'Not Found', 'description': 'No data found, symbol may be delisted'}
$CNAC: possibly delisted; no timezone found
Got error from yahoo api for ticker CNACR, Error: {'code': 'Not Found', 'description': 'No data found, symbol may be delisted'}
$CNACR: possibly delisted; no timezone found
Got error from yahoo api for ticker CNACU, Error: {'code': 'Not Found', 'description': 'No data found, symbol may be delisted'}
$CNACU: possibly delisted; no timezone found
Got error from yahoo api for ticker CNACW, Error: {'code': 'Not Found', 'description': 'No data found, symbol may be delisted'}
$CNACW: possibly delisted; no timezone found
Got error from yahoo api for ticker CNAT, Error: {'code': 'Not Found', 'description': 'No data found, symbol may be delisted'}
$CNAT: possibly delisted; no timezone found
Got error from yahoo api for ticker CNBKA, Error: {'code': 'Not Found', 'description': 'No data found, symbol may be delisted'}
$CNBKA: possibly delisted; no timezone found
Got error from yahoo api for ticker CNCE, Error: {'code': 'Not Found', 'description': 'No data found, symbol may be delisted'}
$CNCE: possibly delisted; no timezone found
$CNCR: possibly delisted; no price data found  (1d 2025-06-03 -> 2026-08-23)
Got error from yahoo api for ticker CNFR, Error: {'code': 'Not Found', 'description': 'No data found, symbol may be delisted'}
$CNFR: possibly delisted; no timezone found
Got error from yahoo api for ticker CNHI, Error: {'code': 'Not Found', 'description': 'No data found, symbol may be delisted'}
$CNHI: possibly delisted; no timezone found
$CNIT: possibly delisted; no price data found  (1d 2017-11-10 -> 2026-08-23)
$CNNX: possibly delisted; no price data found  (1d 2017-11-10 -> 2026-08-23)
Got error from yahoo api for ticker CNSL, Error: {'code': 'Not Found', 'description': 'No data found, symbol may be delisted'}
$CNSL: possibly delisted; no timezone found
Got error from yahoo api for ticker CNTF, Error: {'code': 'Not Found', 'description': 'No data found, symbol may be delisted'}
$CNTF: possibly delisted; no timezone found
$CNXR: possibly delisted; no price data found  (1d 2018-04-27 -> 2026-08-23)
$CNY: possibly delisted; no price data found  (1d 2020-04-09 -> 2026-08-23)
Got error from yahoo api for ticker CO, Error: {'code': 'Not Found', 'description': 'No data found, symbol may be delisted'}
$CO: possibly delisted; no timezone found
$COBZ: possibly delisted; no price data found  (1d 2018-10-01 -> 2026-08-23)
Got error from yahoo api for ticker CODI_A, Error: {'code': 'Not Found', 'description': 'No data found, symbol may be delisted'}
$CODI_A: possibly delisted; no timezone found
Got error from yahoo api for ticker COF-WS, Error: {'code': 'Not Found', 'description': 'No data found, symbol may be delisted'}
$COF-WS: possibly delisted; no timezone found
Got error from yahoo api for ticker COF_C, Error: {'code': 'Not Found', 'description': 'No data found, symbol may be delisted'}
$COF_C: possibly delisted; no timezone found
Got error from yahoo api for ticker COF_D, Error: {'code': 'Not Found', 'description': 'No data found, symbol may be delisted'}
$COF_D: possibly delisted; no timezone found
Got error from yahoo api for ticker COF_F, Error: {'code': 'Not Found', 'description': 'No data found, symbol may be delisted'}
$COF_F: possibly delisted; no timezone found
Got error from yahoo api for ticker COF_G, Error: {'code': 'Not Found', 'description': 'No data found, symbol may be delisted'}
$COF_G: possibly delisted; no timezone found
Got error from yahoo api for ticker COF_H, Error: {'code': 'Not Found', 'description': 'No data found, symbol may be delisted'}
$COF_H: possibly delisted; no timezone found
Got error from yahoo api for ticker COF_P, Error: {'code': 'Not Found', 'description': 'No data found, symbol may be delisted'}
$COF_P: possibly delisted; no timezone found
Got error from yahoo api for ticker COG, Error: {'code': 'Not Found', 'description': 'No data found, symbol may be delisted'}
$COG: possibly delisted; no timezone found
$COL: possibly delisted; no price data found  (1d 2020-11-30 -> 2026-08-23) (Yahoo error = "No data found, symbol may be delisted")
Got error from yahoo api for ticker COMM, Error: {'code': 'Not Found', 'description': 'No data found, symbol may be delisted'}
$COMM: possibly delisted; no timezone found
Got error from yahoo api for ticker CONE, Error: {'code': 'Not Found', 'description': 'No data found, symbol may be delisted'}
$CONE: possibly delisted; no timezone found
Got error from yahoo api for ticker CONN, Error: {'code': 'Not Found', 'description': 'No data found, symbol may be delisted'}
$CONN: possibly delisted; no timezone found
Got error from yahoo api for ticker CORE, Error: {'code': 'Not Found', 'description': 'No data found, symbol may be delisted'}
$CORE: possibly delisted; no timezone found
$CORI: possibly delisted; no price data found  (1d 2017-11-10 -> 2026-08-23)
Got error from yahoo api for ticker CORR, Error: {'code': 'Not Found', 'description': 'No data found, symbol may be delisted'}
$CORR: possibly delisted; no timezone found
Got error from yahoo api for ticker CORR_A, Error: {'code': 'Not Found', 'description': 'No data found, symbol may be delisted'}
$CORR_A: possibly delisted; no timezone found
Got error from yahoo api for ticker COR_A, Error: {'code': 'Not Found', 'description': 'No data found, symbol may be delisted'}
$COR_A: possibly delisted; no timezone found
Got error from yahoo api for ticker COR_A-CL, Error: {'code': 'Not Found', 'description': 'No data found, symbol may be delisted'}
$COR_A-CL: possibly delisted; no timezone found
Got error from yahoo api for ticker COT, Error: {'code': 'Not Found', 'description': 'No data found, symbol may be delisted'}
$COT: possibly delisted; no timezone found
$COTV: possibly delisted; no price data found  (1d 2017-11-10 -> 2026-08-23)
Got error from yahoo api for ticker COUP, Error: {'code': 'Not Found', 'description': 'No data found, symbol may be delisted'}
$COUP: possibly delisted; no timezone found
Got error from yahoo api for ticker COWN, Error: {'code': 'Not Found', 'description': 'No data found, symbol may be delisted'}
$COWN: possibly delisted; no timezone found
Got error from yahoo api for ticker COWNL, Error: {'code': 'Not Found', 'description': 'No data found, symbol may be delisted'}
$COWNL: possibly delisted; no timezone found
Got error from yahoo api for ticker CPAH, Error: {'code': 'Not Found', 'description': 'No data found, symbol may be delisted'}
$CPAH: possibly delisted; no timezone found
Got error from yahoo api for ticker CPE, Error: {'code': 'Not Found', 'description': 'No data found, symbol may be delisted'}
$CPE: possibly delisted; no timezone found
Got error from yahoo api for ticker CPE_A, Error: {'code': 'Not Found', 'description': 'No data found, symbol may be delisted'}
$CPE_A: possibly delisted; no timezone found
Got error from yahoo api for ticker CPG, Error: {'code': 'Not Found', 'description': 'No data found, symbol may be delisted'}
$CPG: possibly delisted; no timezone found
Got error from yahoo api for ticker CPL, Error: {'code': 'Not Found', 'description': 'No data found, symbol may be delisted'}
$CPL: possibly delisted; no timezone found
$CPLA: possibly delisted; no price data found  (1d 2018-07-31 -> 2026-08-23)
Got error from yahoo api for ticker CPLP, Error: {'code': 'Not Found', 'description': 'No data found, symbol may be delisted'}
$CPLP: possibly delisted; no timezone found
$CPN: possibly delisted; no price data found  (1d 2018-03-08 -> 2026-08-23) (Yahoo error = "No data found, symbol may be delisted")
$CPRX: possibly delisted; no price data found  (1d 2026-07-21 -> 2026-08-23)
Got error from yahoo api for ticker CPSI, Error: {'code': 'Not Found', 'description': 'No data found, symbol may be delisted'}
$CPSI: possibly delisted; no timezone found
Got error from yahoo api for ticker CPTA, Error: {'code': 'Not Found', 'description': 'No data found, symbol may be delisted'}
$CPTA: possibly delisted; no timezone found
Got error from yahoo api for ticker CPTAG, Error: {'code': 'Not Found', 'description': 'No data found, symbol may be delisted'}
$CPTAG: possibly delisted; no timezone found
Got error from yahoo api for ticker CPTAL, Error: {'code': 'Not Found', 'description': 'No data found, symbol may be delisted'}
$CPTAL: possibly delisted; no timezone found
$CQH: possibly delisted; no price data found  (1d 2018-09-19 -> 2026-08-23) (Yahoo error = "No data found, symbol may be delisted")
Got error from yahoo api for ticker CRAY, Error: {'code': 'Not Found', 'description': 'No data found, symbol may be delisted'}
$CRAY: possibly delisted; no timezone found
Got error from yahoo api for ticker CRCM, Error: {'code': 'Not Found', 'description': 'No data found, symbol may be delisted'}
$CRCM: possibly delisted; no timezone found
Got error from yahoo api for ticker CREE, Error: {'code': 'Not Found', 'description': 'No data found, symbol may be delisted'}
$CREE: possibly delisted; no timezone found
Got error from yahoo api for ticker CRHM, Error: {'code': 'Not Found', 'description': 'No data found, symbol may be delisted'}
$CRHM: possibly delisted; no timezone found
$CRME: possibly delisted; no price data found  (1d 2017-11-10 -> 2026-08-23)
$CROC: possibly delisted; no price data found  (1d 2022-05-25 -> 2026-08-23)
$CROP: possibly delisted; no price data found  (1d 2020-08-12 -> 2026-08-23)
Got error from yahoo api for ticker CRR, Error: {'code': 'Not Found', 'description': 'No data found, symbol may be delisted'}
$CRR: possibly delisted; no timezone found
$CRTN: possibly delisted; no price data found  (1d 2018-06-28 -> 2026-08-23)
$CRVP: possibly delisted; no price data found  (1d 2018-03-20 -> 2026-08-23)
Got error from yahoo api for ticker CRZO, Error: {'code': 'Not Found', 'description': 'No data found, symbol may be delisted'}
$CRZO: possibly delisted; no timezone found
Got error from yahoo api for ticker CS, Error: {'code': 'Not Found', 'description': 'No data found, symbol may be delisted'}
$CS: possibly delisted; no timezone found
$CSBK: possibly delisted; no price data found  (1d 2017-11-10 -> 2026-08-23)
$CSF: possibly delisted; no price data found  (1d 2025-04-29 -> 2026-08-23)
Got error from yahoo api for ticker CSFL, Error: {'code': 'Not Found', 'description': 'No data found, symbol may be delisted'}
$CSFL: possibly delisted; no timezone found
Got error from yahoo api for ticker CSGS, Error: {'code': 'Not Found', 'description': 'No data found, symbol may be delisted'}
$CSGS: possibly delisted; no timezone found
Got error from yahoo api for ticker CSII, Error: {'code': 'Not Found', 'description': 'No data found, symbol may be delisted'}
$CSII: possibly delisted; no timezone found
$CSJ: possibly delisted; no price data found  (1d 2017-11-10 -> 2026-08-23)
Got error from yahoo api for ticker CSLT, Error: {'code': 'Not Found', 'description': 'No data found, symbol may be delisted'}
$CSLT: possibly delisted; no timezone found
Got error from yahoo api for ticker CSOD, Error: {'code': 'Not Found', 'description': 'No data found, symbol may be delisted'}
$CSOD: possibly delisted; no timezone found
Got error from yahoo api for ticker CSS, Error: {'code': 'Not Found', 'description': 'No data found, symbol may be delisted'}
$CSS: possibly delisted; no timezone found
Got error from yahoo api for ticker CSSE, Error: {'code': 'Not Found', 'description': 'No data found, symbol may be delisted'}
$CSSE: possibly delisted; no timezone found
Got error from yahoo api for ticker CSTR, Error: {'code': 'Not Found', 'description': 'No data found, symbol may be delisted'}
$CSTR: possibly delisted; no timezone found
Got error from yahoo api for ticker CSU, Error: {'code': 'Not Found', 'description': 'No data found, symbol may be delisted'}
$CSU: possibly delisted; no timezone found
Got error from yahoo api for ticker CSWI, Error: {'code': 'Not Found', 'description': 'No data found, symbol may be delisted'}
$CSWI: possibly delisted; no timezone found
Got error from yahoo api for ticker CTB, Error: {'code': 'Not Found', 'description': 'No data found, symbol may be delisted'}
$CTB: possibly delisted; no timezone found
$CTBB: possibly delisted; no price data found  (1d 2026-05-22 -> 2026-08-23)
$CTDD: possibly delisted; no price data found  (1d 2017-11-10 -> 2026-08-23)
Got error from yahoo api for ticker CTEK, Error: {'code': 'Not Found', 'description': 'No data found, symbol may be delisted'}
$CTEK: possibly delisted; no timezone found
Got error from yahoo api for ticker CTG, Error: {'code': 'Not Found', 'description': 'No data found, symbol may be delisted'}
$CTG: possibly delisted; no timezone found
Got error from yahoo api for ticker CTHR, Error: {'code': 'Not Found', 'description': 'No data found, symbol may be delisted'}
$CTHR: possibly delisted; no timezone found
Got error from yahoo api for ticker CTIB, Error: {'code': 'Not Found', 'description': 'No data found, symbol may be delisted'}
$CTIB: possibly delisted; no timezone found
Got error from yahoo api for ticker CTIC, Error: {'code': 'Not Found', 'description': 'No data found, symbol may be delisted'}
$CTIC: possibly delisted; no timezone found
Got error from yahoo api for ticker CTL, Error: {'code': 'Not Found', 'description': 'No data found, symbol may be delisted'}
$CTL: possibly delisted; no timezone found
Got error from yahoo api for ticker CTLT, Error: {'code': 'Not Found', 'description': 'No data found, symbol may be delisted'}
$CTLT: possibly delisted; no timezone found
Got error from yahoo api for ticker CTR, Error: {'code': 'Not Found', 'description': 'No data found, symbol may be delisted'}
$CTR: possibly delisted; no timezone found
Got error from yahoo api for ticker CTRL, Error: {'code': 'Not Found', 'description': 'No data found, symbol may be delisted'}
$CTRL: possibly delisted; no timezone found
Got error from yahoo api for ticker CTRP, Error: {'code': 'Not Found', 'description': 'No data found, symbol may be delisted'}
$CTRP: possibly delisted; no timezone found
Got error from yahoo api for ticker CTRV, Error: {'code': 'Not Found', 'description': 'No data found, symbol may be delisted'}
$CTRV: possibly delisted; no timezone found
Got error from yahoo api for ticker CTT, Error: {'code': 'Not Found', 'description': 'No data found, symbol may be delisted'}
$CTT: possibly delisted; no timezone found
$CTU: possibly delisted; no price data found  (1d 2017-11-10 -> 2026-08-23)
Got error from yahoo api for ticker CTV, Error: {'code': 'Not Found', 'description': 'No data found, symbol may be delisted'}
$CTV: possibly delisted; no timezone found
Got error from yahoo api for ticker CTWS, Error: {'code': 'Not Found', 'description': 'No data found, symbol may be delisted'}
$CTWS: possibly delisted; no timezone found
$CTX: possibly delisted; no price data found  (1d 2017-11-10 -> 2026-08-23)
Got error from yahoo api for ticker CTXRW, Error: {'code': 'Not Found', 'description': 'No data found, symbol may be delisted'}
$CTXRW: possibly delisted; no timezone found
Got error from yahoo api for ticker CTXS, Error: {'code': 'Not Found', 'description': 'No data found, symbol may be delisted'}
$CTXS: possibly delisted; no timezone found
Got error from yahoo api for ticker CTY, Error: {'code': 'Not Found', 'description': 'No data found, symbol may be delisted'}
$CTY: possibly delisted; no timezone found
Got error from yahoo api for ticker CUBA, Error: {'code': 'Not Found', 'description': 'No data found, symbol may be delisted'}
$CUBA: possibly delisted; no timezone found
Got error from yahoo api for ticker CUBI_C, Error: {'code': 'Not Found', 'description': 'No data found, symbol may be delisted'}
$CUBI_C: possibly delisted; no timezone found
Got error from yahoo api for ticker CUBI_D, Error: {'code': 'Not Found', 'description': 'No data found, symbol may be delisted'}
$CUBI_D: possibly delisted; no timezone found
Got error from yahoo api for ticker CUBI_E, Error: {'code': 'Not Found', 'description': 'No data found, symbol may be delisted'}
$CUBI_E: possibly delisted; no timezone found
Got error from yahoo api for ticker CUBI_F, Error: {'code': 'Not Found', 'description': 'No data found, symbol may be delisted'}
$CUBI_F: possibly delisted; no timezone found
$CUBN: possibly delisted; no price data found  (1d 2017-11-10 -> 2026-08-23)
$CUDA: possibly delisted; no price data found  (1d 2017-11-10 -> 2026-08-23)
Got error from yahoo api for ticker CUI, Error: {'code': 'Not Found', 'description': 'No data found, symbol may be delisted'}
$CUI: possibly delisted; no timezone found
Got error from yahoo api for ticker CUK, Error: {'code': 'Not Found', 'description': 'No data found, symbol may be delisted'}
$CUK: possibly delisted; no timezone found
$CUNB: possibly delisted; no price data found  (1d 2017-10-20 -> 2026-08-23)
Got error from yahoo api for ticker CUO, Error: {'code': 'Not Found', 'description': 'No data found, symbol may be delisted'}
$CUO: possibly delisted; no timezone found
Got error from yahoo api for ticker CUR, Error: {'code': 'Not Found', 'description': 'No data found, symbol may be delisted'}
$CUR: possibly delisted; no timezone found
Got error from yahoo api for ticker CUTR, Error: {'code': 'Not Found', 'description': 'No data found, symbol may be delisted'}
$CUTR: possibly delisted; no timezone found
Got error from yahoo api for ticker CVA, Error: {'code': 'Not Found', 'description': 'No data found, symbol may be delisted'}
$CVA: possibly delisted; no timezone found
Got error from yahoo api for ticker CVCY, Error: {'code': 'Not Found', 'description': 'No data found, symbol may be delisted'}
$CVCY: possibly delisted; no timezone found
Got error from yahoo api for ticker CVGW, Error: {'code': 'Not Found', 'description': 'No data found, symbol may be delisted'}
$CVGW: possibly delisted; no timezone found
Got error from yahoo api for ticker CVLY, Error: {'code': 'Not Found', 'description': 'No data found, symbol may be delisted'}
$CVLY: possibly delisted; no timezone found
Got error from yahoo api for ticker CVM-WS, Error: {'code': 'Not Found', 'description': 'No data found, symbol may be delisted'}
$CVM-WS: possibly delisted; no timezone found
$CVO: possibly delisted; no price data found  (1d 2017-11-10 -> 2026-08-23)
$CVRR: possibly delisted; no price data found  (1d 2019-01-28 -> 2026-08-23)
Got error from yahoo api for ticker CVRS, Error: {'code': 'Not Found', 'description': 'No data found, symbol may be delisted'}
$CVRS: possibly delisted; no timezone found
Got error from yahoo api for ticker CVTI, Error: {'code': 'Not Found', 'description': 'No data found, symbol may be delisted'}
$CVTI: possibly delisted; no timezone found
$CWAY: possibly delisted; no price data found  (1d 2017-11-10 -> 2026-08-23)
Got error from yahoo api for ticker CXDC, Error: {'code': 'Not Found', 'description': 'No data found, symbol may be delisted'}
$CXDC: possibly delisted; no timezone found
Got error from yahoo api for ticker CXE, Error: {'code': 'Not Found', 'description': 'No data found, symbol may be delisted'}
$CXE: possibly delisted; no timezone found
Got error from yahoo api for ticker CXH, Error: {'code': 'Not Found', 'description': 'No data found, symbol may be delisted'}
$CXH: possibly delisted; no timezone found
Got error from yahoo api for ticker CXO, Error: {'code': 'Not Found', 'description': 'No data found, symbol may be delisted'}
$CXO: possibly delisted; no timezone found
Got error from yahoo api for ticker CXP, Error: {'code': 'Not Found', 'description': 'No data found, symbol may be delisted'}
$CXP: possibly delisted; no timezone found
$CXRX: possibly delisted; no price data found  (1d 2017-11-10 -> 2026-08-23)
Got error from yahoo api for ticker CY, Error: {'code': 'Not Found', 'description': 'No data found, symbol may be delisted'}
$CY: possibly delisted; no timezone found
Got error from yahoo api for ticker CYAD, Error: {'code': 'Not Found', 'description': 'No data found, symbol may be delisted'}
$CYAD: possibly delisted; no timezone found
Got error from yahoo api for ticker CYBE, Error: {'code': 'Not Found', 'description': 'No data found, symbol may be delisted'}
$CYBE: possibly delisted; no timezone found
Got error from yahoo api for ticker CYBR, Error: {'code': 'Not Found', 'description': 'No data found, symbol may be delisted'}
$CYBR: possibly delisted; no timezone found
Got error from yahoo api for ticker CYCC, Error: {'code': 'Not Found', 'description': 'No data found, symbol may be delisted'}
$CYCC: possibly delisted; no timezone found
Got error from yahoo api for ticker CYCCP, Error: {'code': 'Not Found', 'description': 'No data found, symbol may be delisted'}
$CYCCP: possibly delisted; no timezone found
Got error from yahoo api for ticker CYHHZ, Error: {'code': 'Not Found', 'description': 'No data found, symbol may be delisted'}
$CYHHZ: possibly delisted; no timezone found
Got error from yahoo api for ticker CYOU, Error: {'code': 'Not Found', 'description': 'No data found, symbol may be delisted'}
$CYOU: possibly delisted; no timezone found
Got error from yahoo api for ticker CYRN, Error: {'code': 'Not Found', 'description': 'No data found, symbol may be delisted'}
$CYRN: possibly delisted; no timezone found
Got error from yahoo api for ticker CYRXW, Error: {'code': 'Not Found', 'description': 'No data found, symbol may be delisted'}
$CYRXW: possibly delisted; no timezone found
$CYS: possibly delisted; no price data found  (1d 2018-07-31 -> 2026-08-23)
Got error from yahoo api for ticker CYS_A, Error: {'code': 'Not Found', 'description': 'No data found, symbol may be delisted'}
$CYS_A: possibly delisted; no timezone found
Got error from yahoo api for ticker CYS_B, Error: {'code': 'Not Found', 'description': 'No data found, symbol may be delisted'}
$CYS_B: possibly delisted; no timezone found
Got error from yahoo api for ticker CYTR, Error: {'code': 'Not Found', 'description': 'No data found, symbol may be delisted'}
$CYTR: possibly delisted; no timezone found
Got error from yahoo api for ticker CYTX, Error: {'code': 'Not Found', 'description': 'No data found, symbol may be delisted'}
$CYTX: possibly delisted; no timezone found
Got error from yahoo api for ticker CYTXW, Error: {'code': 'Not Found', 'description': 'No data found, symbol may be delisted'}
$CYTXW: possibly delisted; no timezone found
Got error from yahoo api for ticker CZFC, Error: {'code': 'Not Found', 'description': 'No data found, symbol may be delisted'}
$CZFC: possibly delisted; no timezone found
Got error from yahoo api for ticker CZZ, Error: {'code': 'Not Found', 'description': 'No data found, symbol may be delisted'}
$CZZ: possibly delisted; no timezone found
Got error from yahoo api for ticker C_C, Error: {'code': 'Not Found', 'description': 'No data found, symbol may be delisted'}
$C_C: possibly delisted; no timezone found
Got error from yahoo api for ticker C_J, Error: {'code': 'Not Found', 'description': 'No data found, symbol may be delisted'}
$C_J: possibly delisted; no timezone found
Got error from yahoo api for ticker C_K, Error: {'code': 'Not Found', 'description': 'No data found, symbol may be delisted'}
$C_K: possibly delisted; no timezone found
Got error from yahoo api for ticker C_L, Error: {'code': 'Not Found', 'description': 'No data found, symbol may be delisted'}
$C_L: possibly delisted; no timezone found
Got error from yahoo api for ticker C_N, Error: {'code': 'Not Found', 'description': 'No data found, symbol may be delisted'}
$C_N: possibly delisted; no timezone found
Got error from yahoo api for ticker C_P, Error: {'code': 'Not Found', 'description': 'No data found, symbol may be delisted'}
$C_P: possibly delisted; no timezone found
Got error from yahoo api for ticker C_S, Error: {'code': 'Not Found', 'description': 'No data found, symbol may be delisted'}
$C_S: possibly delisted; no timezone found
$DAG: possibly delisted; no price data found  (1d 2026-07-17 -> 2026-08-23) (Yahoo error = "No data found, symbol may be delisted")
Got error from yahoo api for ticker DATA, Error: {'code': 'Not Found', 'description': 'No data found, symbol may be delisted'}
$DATA: possibly delisted; no timezone found
Got error from yahoo api for ticker DBIT, Error: {'code': 'Not Found', 'description': 'No data found, symbol may be delisted'}
$DBIT: possibly delisted; no timezone found
$DBS: possibly delisted; no price data found  (1d 2017-11-10 -> 2026-08-23) (Yahoo error = "No data found, symbol may be delisted")
$DBV: possibly delisted; no price data found  (1d 2023-03-16 -> 2026-08-23) (Yahoo error = "No data found, symbol may be delisted")
Got error from yahoo api for ticker DCF, Error: {'code': 'Not Found', 'description': 'No data found, symbol may be delisted'}
$DCF: possibly delisted; no timezone found
Got error from yahoo api for ticker DCIX, Error: {'code': 'Not Found', 'description': 'No data found, symbol may be delisted'}
$DCIX: possibly delisted; no timezone found
$DCM: possibly delisted; no price data found  (1d 2017-11-10 -> 2026-08-23) (Yahoo error = "No data found, symbol may be delisted")
Got error from yahoo api for ticker DCP, Error: {'code': 'Not Found', 'description': 'No data found, symbol may be delisted'}
$DCP: possibly delisted; no timezone found
Got error from yahoo api for ticker DCPH, Error: {'code': 'Not Found', 'description': 'No data found, symbol may be delisted'}
$DCPH: possibly delisted; no timezone found
Got error from yahoo api for ticker DCT, Error: {'code': 'Not Found', 'description': 'No data found, symbol may be delisted'}
$DCT: possibly delisted; no timezone found
Got error from yahoo api for ticker DCUD, Error: {'code': 'Not Found', 'description': 'No data found, symbol may be delisted'}
$DCUD: possibly delisted; no timezone found
Got error from yahoo api for ticker DDBI, Error: {'code': 'Not Found', 'description': 'No data found, symbol may be delisted'}
$DDBI: possibly delisted; no timezone found
Got error from yahoo api for ticker DDE, Error: {'code': 'Not Found', 'description': 'No data found, symbol may be delisted'}
$DDE: possibly delisted; no timezone found
Got error from yahoo api for ticker DDF, Error: {'code': 'Not Found', 'description': 'No data found, symbol may be delisted'}
$DDF: possibly delisted; no timezone found
$DDG: possibly delisted; no price data found  (1d 2022-05-24 -> 2026-08-23) (Yahoo error = "No data found, symbol may be delisted")
$DDP: possibly delisted; no price data found  (1d 2017-10-25 -> 2026-08-23) (Yahoo error = "No data found, symbol may be delisted")
$DDR: possibly delisted; no price data found  (1d 2017-11-10 -> 2026-08-23)
Got error from yahoo api for ticker DDR_A, Error: {'code': 'Not Found', 'description': 'No data found, symbol may be delisted'}
$DDR_A: possibly delisted; no timezone found
Got error from yahoo api for ticker DDR_J, Error: {'code': 'Not Found', 'description': 'No data found, symbol may be delisted'}
$DDR_J: possibly delisted; no timezone found
Got error from yahoo api for ticker DDR_K, Error: {'code': 'Not Found', 'description': 'No data found, symbol may be delisted'}
$DDR_K: possibly delisted; no timezone found
Got error from yahoo api for ticker DD_A, Error: {'code': 'Not Found', 'description': 'No data found, symbol may be delisted'}
$DD_A: possibly delisted; no timezone found
Got error from yahoo api for ticker DD_B, Error: {'code': 'Not Found', 'description': 'No data found, symbol may be delisted'}
$DD_B: possibly delisted; no timezone found
Got error from yahoo api for ticker DEL, Error: {'code': 'Not Found', 'description': 'No data found, symbol may be delisted'}
$DEL: possibly delisted; no timezone found
Got error from yahoo api for ticker DELT, Error: {'code': 'Not Found', 'description': 'No data found, symbol may be delisted'}
$DELT: possibly delisted; no timezone found
Got error from yahoo api for ticker DELTW, Error: {'code': 'Not Found', 'description': 'No data found, symbol may be delisted'}
$DELTW: possibly delisted; no timezone found
Got error from yahoo api for ticker DENN, Error: {'code': 'Not Found', 'description': 'No data found, symbol may be delisted'}
$DENN: possibly delisted; no timezone found
$DEPO: possibly delisted; no price data found  (1d 2017-11-10 -> 2026-08-23)
Got error from yahoo api for ticker DESP, Error: {'code': 'Not Found', 'description': 'No data found, symbol may be delisted'}
$DESP: possibly delisted; no timezone found
Got error from yahoo api for ticker DEST, Error: {'code': 'Not Found', 'description': 'No data found, symbol may be delisted'}
$DEST: possibly delisted; no timezone found
Got error from yahoo api for ticker DEX, Error: {'code': 'Not Found', 'description': 'No data found, symbol may be delisted'}
$DEX: possibly delisted; no timezone found
Got error from yahoo api for ticker DF, Error: {'code': 'Not Found', 'description': 'No data found, symbol may be delisted'}
$DF: possibly delisted; no timezone found
$DFBG: possibly delisted; no price data found  (1d 2017-11-10 -> 2026-08-23)
Got error from yahoo api for ticker DFFN, Error: {'code': 'Not Found', 'description': 'No data found, symbol may be delisted'}
$DFFN: possibly delisted; no timezone found
$DFND: possibly delisted; no price data found  (1d 2025-12-29 -> 2026-08-23)
Got error from yahoo api for ticker DFRG, Error: {'code': 'Not Found', 'description': 'No data found, symbol may be delisted'}
$DFRG: possibly delisted; no timezone found
Got error from yahoo api for ticker DFS, Error: {'code': 'Not Found', 'description': 'No data found, symbol may be delisted'}
$DFS: possibly delisted; no timezone found
Got error from yahoo api for ticker DFS_B, Error: {'code': 'Not Found', 'description': 'No data found, symbol may be delisted'}
$DFS_B: possibly delisted; no timezone found
Got error from yahoo api for ticker DFS_B-CL, Error: {'code': 'Not Found', 'description': 'No data found, symbol may be delisted'}
$DFS_B-CL: possibly delisted; no timezone found
$DFVL: possibly delisted; no price data found  (1d 2021-08-06 -> 2026-08-23)
$DFVS: possibly delisted; no price data found  (1d 2021-08-06 -> 2026-08-23)
Got error from yahoo api for ticker DGLT, Error: {'code': 'Not Found', 'description': 'No data found, symbol may be delisted'}
$DGLT: possibly delisted; no timezone found
Got error from yahoo api for ticker DGLY, Error: {'code': 'Not Found', 'description': 'No data found, symbol may be delisted'}
$DGLY: possibly delisted; no timezone found
Got error from yahoo api for ticker DGSE, Error: {'code': 'Not Found', 'description': 'No data found, symbol may be delisted'}
$DGSE: possibly delisted; no timezone found
$DHG: possibly delisted; no price data found  (1d 2017-11-10 -> 2026-08-23)
Got error from yahoo api for ticker DHIL, Error: {'code': 'Not Found', 'description': 'No data found, symbol may be delisted'}
$DHIL: possibly delisted; no timezone found
Got error from yahoo api for ticker DHVW, Error: {'code': 'Not Found', 'description': 'No data found, symbol may be delisted'}
$DHVW: possibly delisted; no timezone found
Got error from yahoo api for ticker DHXM, Error: {'code': 'Not Found', 'description': 'No data found, symbol may be delisted'}
$DHXM: possibly delisted; no timezone found
Got error from yahoo api for ticker DIAX, Error: {'code': 'Not Found', 'description': 'No data found, symbol may be delisted'}
$DIAX: possibly delisted; no timezone found
Got error from yahoo api for ticker DISCA, Error: {'code': 'Not Found', 'description': 'No data found, symbol may be delisted'}
$DISCA: possibly delisted; no timezone found
Got error from yahoo api for ticker DISCB, Error: {'code': 'Not Found', 'description': 'No data found, symbol may be delisted'}
$DISCB: possibly delisted; no timezone found
Got error from yahoo api for ticker DISCK, Error: {'code': 'Not Found', 'description': 'No data found, symbol may be delisted'}
$DISCK: possibly delisted; no timezone found
Got error from yahoo api for ticker DISH, Error: {'code': 'Not Found', 'description': 'No data found, symbol may be delisted'}
$DISH: possibly delisted; no timezone found
$DJCI: possibly delisted; no price data found  (1d 2021-01-15 -> 2026-08-23)
Got error from yahoo api for ticker DKT, Error: {'code': 'Not Found', 'description': 'No data found, symbol may be delisted'}
$DKT: possibly delisted; no timezone found
Got error from yahoo api for ticker DL, Error: {'code': 'Not Found', 'description': 'No data found, symbol may be delisted'}
$DL: possibly delisted; no timezone found
Got error from yahoo api for ticker DLA, Error: {'code': 'Not Found', 'description': 'No data found, symbol may be delisted'}
$DLA: possibly delisted; no timezone found
$DLBS: possibly delisted; no price data found  (1d 2020-04-13 -> 2026-08-23)
Got error from yahoo api for ticker DLNG_A, Error: {'code': 'Not Found', 'description': 'No data found, symbol may be delisted'}
$DLNG_A: possibly delisted; no timezone found
Got error from yahoo api for ticker DLPH, Error: {'code': 'Not Found', 'description': 'No data found, symbol may be delisted'}
$DLPH: possibly delisted; no timezone found
Got error from yahoo api for ticker DLR_C, Error: {'code': 'Not Found', 'description': 'No data found, symbol may be delisted'}
$DLR_C: possibly delisted; no timezone found
Got error from yahoo api for ticker DLR_G, Error: {'code': 'Not Found', 'description': 'No data found, symbol may be delisted'}
$DLR_G: possibly delisted; no timezone found
Got error from yahoo api for ticker DLR_H, Error: {'code': 'Not Found', 'description': 'No data found, symbol may be delisted'}
$DLR_H: possibly delisted; no timezone found
Got error from yahoo api for ticker DLR_I, Error: {'code': 'Not Found', 'description': 'No data found, symbol may be delisted'}
$DLR_I: possibly delisted; no timezone found
Got error from yahoo api for ticker DLR_J, Error: {'code': 'Not Found', 'description': 'No data found, symbol may be delisted'}
$DLR_J: possibly delisted; no timezone found
Got error from yahoo api for ticker DM, Error: {'code': 'Not Found', 'description': 'No data found, symbol may be delisted'}
$DM: possibly delisted; no timezone found
Got error from yahoo api for ticker DMF, Error: {'code': 'Not Found', 'description': 'No data found, symbol may be delisted'}
$DMF: possibly delisted; no timezone found
Got error from yahoo api for ticker DMPI, Error: {'code': 'Not Found', 'description': 'No data found, symbol may be delisted'}
$DMPI: possibly delisted; no timezone found
$DMRL: possibly delisted; no price data found  (1d 2022-04-25 -> 2026-08-23)
$DMTX: possibly delisted; no price data found  (1d 2017-11-06 -> 2026-08-23)
Got error from yahoo api for ticker DNB, Error: {'code': 'Not Found', 'description': 'No data found, symbol may be delisted'}
$DNB: possibly delisted; no timezone found
Got error from yahoo api for ticker DNBF, Error: {'code': 'Not Found', 'description': 'No data found, symbol may be delisted'}
$DNBF: possibly delisted; no timezone found
Got error from yahoo api for ticker DNI, Error: {'code': 'Not Found', 'description': 'No data found, symbol may be delisted'}
$DNI: possibly delisted; no timezone found
Got error from yahoo api for ticker DNKN, Error: {'code': 'Not Found', 'description': 'No data found, symbol may be delisted'}
$DNKN: possibly delisted; no timezone found
Got error from yahoo api for ticker DNR, Error: {'code': 'Not Found', 'description': 'No data found, symbol may be delisted'}
$DNR: possibly delisted; no timezone found
Got error from yahoo api for ticker DO, Error: {'code': 'Not Found', 'description': 'No data found, symbol may be delisted'}
$DO: possibly delisted; no timezone found
Got error from yahoo api for ticker DOOR, Error: {'code': 'Not Found', 'description': 'No data found, symbol may be delisted'}
$DOOR: possibly delisted; no timezone found
Got error from yahoo api for ticker DOTA, Error: {'code': 'Not Found', 'description': 'No data found, symbol may be delisted'}
$DOTA: possibly delisted; no timezone found
Got error from yahoo api for ticker DOTAR, Error: {'code': 'Not Found', 'description': 'No data found, symbol may be delisted'}
$DOTAR: possibly delisted; no timezone found
$DOTAU: possibly delisted; no price data found  (1d 2017-11-08 -> 2026-08-23)
Got error from yahoo api for ticker DOTAW, Error: {'code': 'Not Found', 'description': 'No data found, symbol may be delisted'}
$DOTAW: possibly delisted; no timezone found
Got error from yahoo api for ticker DOVA, Error: {'code': 'Not Found', 'description': 'No data found, symbol may be delisted'}
$DOVA: possibly delisted; no timezone found
$DPK: possibly delisted; no price data found  (1d 2020-05-01 -> 2026-08-23) (Yahoo error = "No data found, symbol may be delisted")
Got error from yahoo api for ticker DPLO, Error: {'code': 'Not Found', 'description': 'No data found, symbol may be delisted'}
$DPLO: possibly delisted; no timezone found
Got error from yahoo api for ticker DPS, Error: {'code': 'Not Found', 'description': 'No data found, symbol may be delisted'}
$DPS: possibly delisted; no timezone found
Got error from yahoo api for ticker DPW, Error: {'code': 'Not Found', 'description': 'No data found, symbol may be delisted'}
$DPW: possibly delisted; no timezone found
Got error from yahoo api for ticker DRAD, Error: {'code': 'Not Found', 'description': 'No data found, symbol may be delisted'}
$DRAD: possibly delisted; no timezone found
Got error from yahoo api for ticker DRE, Error: {'code': 'Not Found', 'description': 'No data found, symbol may be delisted'}
$DRE: possibly delisted; no timezone found
Got error from yahoo api for ticker DRIOW, Error: {'code': 'Not Found', 'description': 'No data found, symbol may be delisted'}
$DRIOW: possibly delisted; no timezone found
Got error from yahoo api for ticker DRNA, Error: {'code': 'Not Found', 'description': 'No data found, symbol may be delisted'}
$DRNA: possibly delisted; no timezone found
Got error from yahoo api for ticker DRQ, Error: {'code': 'Not Found', 'description': 'No data found, symbol may be delisted'}
$DRQ: possibly delisted; no timezone found
Got error from yahoo api for ticker DRRX, Error: {'code': 'Not Found', 'description': 'No data found, symbol may be delisted'}
$DRRX: possibly delisted; no timezone found
$DRW: possibly delisted; no price data found  (1d 2026-07-17 -> 2026-08-23) (Yahoo error = "No data found, symbol may be delisted")
Got error from yahoo api for ticker DRYS, Error: {'code': 'Not Found', 'description': 'No data found, symbol may be delisted'}
$DRYS: possibly delisted; no timezone found
Got error from yahoo api for ticker DS, Error: {'code': 'Not Found', 'description': 'No data found, symbol may be delisted'}
$DS: possibly delisted; no timezone found
Got error from yahoo api for ticker DSE, Error: {'code': 'Not Found', 'description': 'No data found, symbol may be delisted'}
$DSE: possibly delisted; no timezone found
Got error from yahoo api for ticker DSKE, Error: {'code': 'Not Found', 'description': 'No data found, symbol may be delisted'}
$DSKE: possibly delisted; no timezone found
Got error from yahoo api for ticker DSKEW, Error: {'code': 'Not Found', 'description': 'No data found, symbol may be delisted'}
$DSKEW: possibly delisted; no timezone found
Got error from yahoo api for ticker DSPG, Error: {'code': 'Not Found', 'description': 'No data found, symbol may be delisted'}
$DSPG: possibly delisted; no timezone found
$DST: possibly delisted; no price data found  (1d 2017-11-10 -> 2026-08-23)
Got error from yahoo api for ticker DSW, Error: {'code': 'Not Found', 'description': 'No data found, symbol may be delisted'}
$DSW: possibly delisted; no timezone found
Got error from yahoo api for ticker DSXN, Error: {'code': 'Not Found', 'description': 'No data found, symbol may be delisted'}
$DSXN: possibly delisted; no timezone found
Got error from yahoo api for ticker DSX_B, Error: {'code': 'Not Found', 'description': 'No data found, symbol may be delisted'}
$DSX_B: possibly delisted; no timezone found
Got error from yahoo api for ticker DS_B, Error: {'code': 'Not Found', 'description': 'No data found, symbol may be delisted'}
$DS_B: possibly delisted; no timezone found
Got error from yahoo api for ticker DS_C, Error: {'code': 'Not Found', 'description': 'No data found, symbol may be delisted'}
$DS_C: possibly delisted; no timezone found
Got error from yahoo api for ticker DS_D, Error: {'code': 'Not Found', 'description': 'No data found, symbol may be delisted'}
$DS_D: possibly delisted; no timezone found
Got error from yahoo api for ticker DTEA, Error: {'code': 'Not Found', 'description': 'No data found, symbol may be delisted'}
$DTEA: possibly delisted; no timezone found
Got error from yahoo api for ticker DTLA_, Error: {'code': 'Not Found', 'description': 'No data found, symbol may be delisted'}
$DTLA_: possibly delisted; no timezone found
$DTO: possibly delisted; no price data found  (1d 2020-05-20 -> 2026-08-23)
Got error from yahoo api for ticker DTQ, Error: {'code': 'Not Found', 'description': 'No data found, symbol may be delisted'}
$DTQ: possibly delisted; no timezone found
Got error from yahoo api for ticker DTRM, Error: {'code': 'Not Found', 'description': 'No data found, symbol may be delisted'}
$DTRM: possibly delisted; no timezone found
$DTUS: possibly delisted; no price data found  (1d 2020-09-14 -> 2026-08-23)
Got error from yahoo api for ticker DTV, Error: {'code': 'Not Found', 'description': 'No data found, symbol may be delisted'}
$DTV: possibly delisted; no timezone found
Got error from yahoo api for ticker DUC, Error: {'code': 'Not Found', 'description': 'No data found, symbol may be delisted'}
$DUC: possibly delisted; no timezone found
Got error from yahoo api for ticker DVAX, Error: {'code': 'Not Found', 'description': 'No data found, symbol may be delisted'}
$DVAX: possibly delisted; no timezone found
Got error from yahoo api for ticker DVCR, Error: {'code': 'Not Found', 'description': 'No data found, symbol may be delisted'}
$DVCR: possibly delisted; no timezone found
Got error from yahoo api for ticker DVD, Error: {'code': 'Not Found', 'description': 'No data found, symbol may be delisted'}
$DVD: possibly delisted; no timezone found
$DVMT: possibly delisted; no price data found  (1d 2018-12-27 -> 2026-08-23)
Got error from yahoo api for ticker DVP, Error: {'code': 'Not Found', 'description': 'No data found, symbol may be delisted'}
$DVP: possibly delisted; no timezone found
Got error from yahoo api for ticker DWAC, Error: {'code': 'Not Found', 'description': 'No data found, symbol may be delisted'}
$DWAC: possibly delisted; no timezone found
$DWAT: possibly delisted; no price data found  (1d 2025-06-30 -> 2026-08-23)
$DWCH: possibly delisted; no price data found  (1d 2018-12-21 -> 2026-08-23)
Got error from yahoo api for ticker DWDP, Error: {'code': 'Not Found', 'description': 'No data found, symbol may be delisted'}
$DWDP: possibly delisted; no timezone found
Got error from yahoo api for ticker DWIN, Error: {'code': 'Not Found', 'description': 'No data found, symbol may be delisted'}
$DWIN: possibly delisted; no timezone found
$DWPP: possibly delisted; no price data found  (1d 2022-11-04 -> 2026-08-23)
$DWTR: possibly delisted; no price data found  (1d 2020-02-27 -> 2026-08-23)
Got error from yahoo api for ticker DXB, Error: {'code': 'Not Found', 'description': 'No data found, symbol may be delisted'}
$DXB: possibly delisted; no timezone found
Got error from yahoo api for ticker DXPS, Error: {'code': 'Not Found', 'description': 'No data found, symbol may be delisted'}
$DXPS: possibly delisted; no timezone found
$DXTR: possibly delisted; no price data found  (1d 2017-11-10 -> 2026-08-23)
Got error from yahoo api for ticker DX_A, Error: {'code': 'Not Found', 'description': 'No data found, symbol may be delisted'}
$DX_A: possibly delisted; no timezone found
Got error from yahoo api for ticker DX_B, Error: {'code': 'Not Found', 'description': 'No data found, symbol may be delisted'}
$DX_B: possibly delisted; no timezone found
Got error from yahoo api for ticker DYN-WS-A, Error: {'code': 'Not Found', 'description': 'No data found, symbol may be delisted'}
$DYN-WS-A: possibly delisted; no timezone found
Got error from yahoo api for ticker DYNT, Error: {'code': 'Not Found', 'description': 'No data found, symbol may be delisted'}
$DYNT: possibly delisted; no timezone found
Got error from yahoo api for ticker DYN_A, Error: {'code': 'Not Found', 'description': 'No data found, symbol may be delisted'}
$DYN_A: possibly delisted; no timezone found
$DYY: possibly delisted; no price data found  (1d 2026-07-16 -> 2026-08-23)
$DZK: possibly delisted; no price data found  (1d 2020-10-23 -> 2026-08-23) (Yahoo error = "No data found, symbol may be delisted")
Got error from yahoo api for ticker DZSI, Error: {'code': 'Not Found', 'description': 'No data found, symbol may be delisted'}
$DZSI: possibly delisted; no timezone found
Got error from yahoo api for ticker EAB, Error: {'code': 'Not Found', 'description': 'No data found, symbol may be delisted'}
$EAB: possibly delisted; no timezone found
$EACQ: possibly delisted; no price data found  (1d 2017-11-10 -> 2026-08-23)
$EACQU: possibly delisted; no price data found  (1d 2017-10-27 -> 2026-08-23)
Got error from yahoo api for ticker EACQW, Error: {'code': 'Not Found', 'description': 'No data found, symbol may be delisted'}
$EACQW: possibly delisted; no timezone found
Got error from yahoo api for ticker EAE, Error: {'code': 'Not Found', 'description': 'No data found, symbol may be delisted'}
$EAE: possibly delisted; no timezone found
Got error from yahoo api for ticker EAGLU, Error: {'code': 'Not Found', 'description': 'No data found, symbol may be delisted'}
$EAGLU: possibly delisted; no timezone found
Got error from yahoo api for ticker EAGLW, Error: {'code': 'Not Found', 'description': 'No data found, symbol may be delisted'}
$EAGLW: possibly delisted; no timezone found
Got error from yahoo api for ticker EARS, Error: {'code': 'Not Found', 'description': 'No data found, symbol may be delisted'}
$EARS: possibly delisted; no timezone found
Got error from yahoo api for ticker EBAYL, Error: {'code': 'Not Found', 'description': 'No data found, symbol may be delisted'}
$EBAYL: possibly delisted; no timezone found
$EBIO: possibly delisted; no price data found  (1d 2017-11-10 -> 2026-08-23)
Got error from yahoo api for ticker EBIX, Error: {'code': 'Not Found', 'description': 'No data found, symbol may be delisted'}
$EBIX: possibly delisted; no timezone found
Got error from yahoo api for ticker EBR, Error: {'code': 'Not Found', 'description': 'No data found, symbol may be delisted'}
$EBR: possibly delisted; no timezone found
Got error from yahoo api for ticker EBR-B, Error: {'code': 'Not Found', 'description': 'No data found, symbol may be delisted'}
$EBR-B: possibly delisted; no timezone found
Got error from yahoo api for ticker EBSB, Error: {'code': 'Not Found', 'description': 'No data found, symbol may be delisted'}
$EBSB: possibly delisted; no timezone found
Got error from yahoo api for ticker EBTC, Error: {'code': 'Not Found', 'description': 'No data found, symbol may be delisted'}
$EBTC: possibly delisted; no timezone found
Got error from yahoo api for ticker ECA, Error: {'code': 'Not Found', 'description': 'No data found, symbol may be delisted'}
$ECA: possibly delisted; no timezone found
Got error from yahoo api for ticker ECCA, Error: {'code': 'Not Found', 'description': 'No data found, symbol may be delisted'}
$ECCA: possibly delisted; no timezone found
Got error from yahoo api for ticker ECCB, Error: {'code': 'Not Found', 'description': 'No data found, symbol may be delisted'}
$ECCB: possibly delisted; no timezone found
Got error from yahoo api for ticker ECF_A, Error: {'code': 'Not Found', 'description': 'No data found, symbol may be delisted'}
$ECF_A: possibly delisted; no timezone found
Got error from yahoo api for ticker ECOL, Error: {'code': 'Not Found', 'description': 'No data found, symbol may be delisted'}
$ECOL: possibly delisted; no timezone found
Got error from yahoo api for ticker ECOM, Error: {'code': 'Not Found', 'description': 'No data found, symbol may be delisted'}
$ECOM: possibly delisted; no timezone found
Got error from yahoo api for ticker ECR, Error: {'code': 'Not Found', 'description': 'No data found, symbol may be delisted'}
$ECR: possibly delisted; no timezone found
Got error from yahoo api for ticker ECT, Error: {'code': 'Not Found', 'description': 'No data found, symbol may be delisted'}
$ECT: possibly delisted; no timezone found
$ECYT: possibly delisted; no price data found  (1d 2018-12-27 -> 2026-08-23)
Got error from yahoo api for ticker EDAP, Error: {'code': 'Not Found', 'description': 'No data found, symbol may be delisted'}
$EDAP: possibly delisted; no timezone found
Got error from yahoo api for ticker EDBI, Error: {'code': 'Not Found', 'description': 'No data found, symbol may be delisted'}
$EDBI: possibly delisted; no timezone found
$EDGW: possibly delisted; no price data found  (1d 2018-11-01 -> 2026-08-23)
Got error from yahoo api for ticker EDI, Error: {'code': 'Not Found', 'description': 'No data found, symbol may be delisted'}
$EDI: possibly delisted; no timezone found
Got error from yahoo api for ticker EDR, Error: {'code': 'Not Found', 'description': 'No data found, symbol may be delisted'}
$EDR: possibly delisted; no timezone found
$EEH: possibly delisted; no price data found  (1d 2022-08-31 -> 2026-08-23) (Yahoo error = "No data found, symbol may be delisted")
Got error from yahoo api for ticker EEI, Error: {'code': 'Not Found', 'description': 'No data found, symbol may be delisted'}
$EEI: possibly delisted; no timezone found
Got error from yahoo api for ticker EEP, Error: {'code': 'Not Found', 'description': 'No data found, symbol may be delisted'}
$EEP: possibly delisted; no timezone found
$EEQ: possibly delisted; no price data found  (1d 2018-12-20 -> 2026-08-23) (Yahoo error = "No data found, symbol may be delisted")
$EEX: possibly delisted; no price data found  (1d 2026-07-14 -> 2026-08-23) (Yahoo error = "No data found, symbol may be delisted")
Got error from yahoo api for ticker EFBI, Error: {'code': 'Not Found', 'description': 'No data found, symbol may be delisted'}
$EFBI: possibly delisted; no timezone found
Got error from yahoo api for ticker EFF, Error: {'code': 'Not Found', 'description': 'No data found, symbol may be delisted'}
$EFF: possibly delisted; no timezone found
Got error from yahoo api for ticker EFII, Error: {'code': 'Not Found', 'description': 'No data found, symbol may be delisted'}
$EFII: possibly delisted; no timezone found
Got error from yahoo api for ticker EFL, Error: {'code': 'Not Found', 'description': 'No data found, symbol may be delisted'}
$EFL: possibly delisted; no timezone found
Got error from yahoo api for ticker EGF, Error: {'code': 'Not Found', 'description': 'No data found, symbol may be delisted'}
$EGF: possibly delisted; no timezone found
Got error from yahoo api for ticker EGI, Error: {'code': 'Not Found', 'description': 'No data found, symbol may be delisted'}
$EGI: possibly delisted; no timezone found
Got error from yahoo api for ticker EGIF, Error: {'code': 'Not Found', 'description': 'No data found, symbol may be delisted'}
$EGIF: possibly delisted; no timezone found
$EGL: possibly delisted; no price data found  (1d 2017-11-10 -> 2026-08-23)
Got error from yahoo api for ticker EGLT, Error: {'code': 'Not Found', 'description': 'No data found, symbol may be delisted'}
$EGLT: possibly delisted; no timezone found
Got error from yahoo api for ticker EGN, Error: {'code': 'Not Found', 'description': 'No data found, symbol may be delisted'}
$EGN: possibly delisted; no timezone found
Got error from yahoo api for ticker EGOV, Error: {'code': 'Not Found', 'description': 'No data found, symbol may be delisted'}
$EGOV: possibly delisted; no timezone found
Got error from yahoo api for ticker EHIC, Error: {'code': 'Not Found', 'description': 'No data found, symbol may be delisted'}
$EHIC: possibly delisted; no timezone found
Got error from yahoo api for ticker EHT, Error: {'code': 'Not Found', 'description': 'No data found, symbol may be delisted'}
$EHT: possibly delisted; no timezone found
$EIA: possibly delisted; no price data found  (1d 2017-11-10 -> 2026-08-23)
Got error from yahoo api for ticker EIGI, Error: {'code': 'Not Found', 'description': 'No data found, symbol may be delisted'}
$EIGI: possibly delisted; no timezone found
Got error from yahoo api for ticker EIGR, Error: {'code': 'Not Found', 'description': 'No data found, symbol may be delisted'}
$EIGR: possibly delisted; no timezone found
$EIO: possibly delisted; no price data found  (1d 2017-11-10 -> 2026-08-23)
$EIP: possibly delisted; no price data found  (1d 2019-01-17 -> 2026-08-23)
Got error from yahoo api for ticker EIV, Error: {'code': 'Not Found', 'description': 'No data found, symbol may be delisted'}
$EIV: possibly delisted; no timezone found
Got error from yahoo api for ticker EKSO, Error: {'code': 'Not Found', 'description': 'No data found, symbol may be delisted'}
$EKSO: possibly delisted; no timezone found
$ELEC: possibly delisted; no price data found  (1d 2018-06-15 -> 2026-08-23)
$ELECU: possibly delisted; no price data found  (1d 2018-06-15 -> 2026-08-23)
Got error from yahoo api for ticker ELECW, Error: {'code': 'Not Found', 'description': 'No data found, symbol may be delisted'}
$ELECW: possibly delisted; no timezone found
Got error from yahoo api for ticker ELGX, Error: {'code': 'Not Found', 'description': 'No data found, symbol may be delisted'}
$ELGX: possibly delisted; no timezone found
Got error from yahoo api for ticker ELJ, Error: {'code': 'Not Found', 'description': 'No data found, symbol may be delisted'}
$ELJ: possibly delisted; no timezone found
Got error from yahoo api for ticker ELLI, Error: {'code': 'Not Found', 'description': 'No data found, symbol may be delisted'}
$ELLI: possibly delisted; no timezone found
Got error from yahoo api for ticker ELP, Error: {'code': 'Not Found', 'description': 'No data found, symbol may be delisted'}
$ELP: possibly delisted; no timezone found
Got error from yahoo api for ticker ELVT, Error: {'code': 'Not Found', 'description': 'No data found, symbol may be delisted'}
$ELVT: possibly delisted; no timezone found
Got error from yahoo api for ticker ELY, Error: {'code': 'Not Found', 'description': 'No data found, symbol may be delisted'}
$ELY: possibly delisted; no timezone found
Got error from yahoo api for ticker EMAN, Error: {'code': 'Not Found', 'description': 'No data found, symbol may be delisted'}
$EMAN: possibly delisted; no timezone found
$EMBH: possibly delisted; no price data found  (1d 2022-08-29 -> 2026-08-23)
Got error from yahoo api for ticker EMCF, Error: {'code': 'Not Found', 'description': 'No data found, symbol may be delisted'}
$EMCF: possibly delisted; no timezone found
$EMCG: possibly delisted; no price data found  (1d 2017-11-10 -> 2026-08-23) (Yahoo error = "No data found, symbol may be delisted")
Got error from yahoo api for ticker EMCI, Error: {'code': 'Not Found', 'description': 'No data found, symbol may be delisted'}
$EMCI: possibly delisted; no timezone found
$EMI: possibly delisted; no price data found  (1d 2017-11-10 -> 2026-08-23)
$EMJ: possibly delisted; no price data found  (1d 2017-11-10 -> 2026-08-23)
Got error from yahoo api for ticker EMKR, Error: {'code': 'Not Found', 'description': 'No data found, symbol may be delisted'}
$EMKR: possibly delisted; no timezone found
Got error from yahoo api for ticker EMX, Error: {'code': 'Not Found', 'description': 'No data found, symbol may be delisted'}
$EMX: possibly delisted; no timezone found
Got error from yahoo api for ticker ENBL, Error: {'code': 'Not Found', 'description': 'No data found, symbol may be delisted'}
$ENBL: possibly delisted; no timezone found
Got error from yahoo api for ticker ENDP, Error: {'code': 'Not Found', 'description': 'No data found, symbol may be delisted'}
$ENDP: possibly delisted; no timezone found
Got error from yahoo api for ticker ENFC, Error: {'code': 'Not Found', 'description': 'No data found, symbol may be delisted'}
$ENFC: possibly delisted; no timezone found
Got error from yahoo api for ticker ENG, Error: {'code': 'Not Found', 'description': 'No data found, symbol may be delisted'}
$ENG: possibly delisted; no timezone found
Got error from yahoo api for ticker ENH_C, Error: {'code': 'Not Found', 'description': 'No data found, symbol may be delisted'}
$ENH_C: possibly delisted; no timezone found
Got error from yahoo api for ticker ENIA, Error: {'code': 'Not Found', 'description': 'No data found, symbol may be delisted'}
$ENIA: possibly delisted; no timezone found
Got error from yahoo api for ticker ENLC, Error: {'code': 'Not Found', 'description': 'No data found, symbol may be delisted'}
$ENLC: possibly delisted; no timezone found
$ENLK: possibly delisted; no price data found  (1d 2019-01-28 -> 2026-08-23)
$ENRJ: possibly delisted; no price data found  (1d 2017-11-10 -> 2026-08-23)
Got error from yahoo api for ticker ENT, Error: {'code': 'Not Found', 'description': 'No data found, symbol may be delisted'}
$ENT: possibly delisted; no timezone found
Got error from yahoo api for ticker ENV, Error: {'code': 'Not Found', 'description': 'No data found, symbol may be delisted'}
$ENV: possibly delisted; no timezone found
Got error from yahoo api for ticker ENX, Error: {'code': 'Not Found', 'description': 'No data found, symbol may be delisted'}
$ENX: possibly delisted; no timezone found
Got error from yahoo api for ticker ENZ, Error: {'code': 'Not Found', 'description': 'No data found, symbol may be delisted'}
$ENZ: possibly delisted; no timezone found
$ENZY: possibly delisted; no price data found  (1d 2017-11-10 -> 2026-08-23)
$EOCC: possibly delisted; no price data found  (1d 2017-11-10 -> 2026-08-23)
Got error from yahoo api for ticker EPAY, Error: {'code': 'Not Found', 'description': 'No data found, symbol may be delisted'}
$EPAY: possibly delisted; no timezone found
Got error from yahoo api for ticker EPE, Error: {'code': 'Not Found', 'description': 'No data found, symbol may be delisted'}
$EPE: possibly delisted; no timezone found
Got error from yahoo api for ticker EPIX, Error: {'code': 'Not Found', 'description': 'No data found, symbol may be delisted'}
$EPIX: possibly delisted; no timezone found
Got error from yahoo api for ticker EPR_C, Error: {'code': 'Not Found', 'description': 'No data found, symbol may be delisted'}
$EPR_C: possibly delisted; no timezone found
Got error from yahoo api for ticker EPR_E, Error: {'code': 'Not Found', 'description': 'No data found, symbol may be delisted'}
$EPR_E: possibly delisted; no timezone found
Got error from yahoo api for ticker EPR_F, Error: {'code': 'Not Found', 'description': 'No data found, symbol may be delisted'}
$EPR_F: possibly delisted; no timezone found
Got error from yahoo api for ticker EPZM, Error: {'code': 'Not Found', 'description': 'No data found, symbol may be delisted'}
$EPZM: possibly delisted; no timezone found
Got error from yahoo api for ticker EP_C, Error: {'code': 'Not Found', 'description': 'No data found, symbol may be delisted'}
$EP_C: possibly delisted; no timezone found
Got error from yahoo api for ticker EQC, Error: {'code': 'Not Found', 'description': 'No data found, symbol may be delisted'}
$EQC: possibly delisted; no timezone found
Got error from yahoo api for ticker EQCO, Error: {'code': 'Not Found', 'description': 'No data found, symbol may be delisted'}
$EQCO: possibly delisted; no timezone found
Got error from yahoo api for ticker EQC_D, Error: {'code': 'Not Found', 'description': 'No data found, symbol may be delisted'}
$EQC_D: possibly delisted; no timezone found
$EQGP: possibly delisted; no price data found  (1d 2019-01-10 -> 2026-08-23)
Got error from yahoo api for ticker EQM, Error: {'code': 'Not Found', 'description': 'No data found, symbol may be delisted'}
$EQM: possibly delisted; no timezone found
Got error from yahoo api for ticker ERA, Error: {'code': 'Not Found', 'description': 'No data found, symbol may be delisted'}
$ERA: possibly delisted; no timezone found
Got error from yahoo api for ticker ERF, Error: {'code': 'Not Found', 'description': 'No data found, symbol may be delisted'}
$ERF: possibly delisted; no timezone found
Got error from yahoo api for ticker ERI, Error: {'code': 'Not Found', 'description': 'No data found, symbol may be delisted'}
$ERI: possibly delisted; no timezone found
Got error from yahoo api for ticker ERJ, Error: {'code': 'Not Found', 'description': 'No data found, symbol may be delisted'}
$ERJ: possibly delisted; no timezone found
$ERM: possibly delisted; no price data found  (1d 2023-07-25 -> 2026-08-23)
$ERN: possibly delisted; no price data found  (1d 2017-11-10 -> 2026-08-23)
Got error from yahoo api for ticker EROS, Error: {'code': 'Not Found', 'description': 'No data found, symbol may be delisted'}
$EROS: possibly delisted; no timezone found
$ERUS: possibly delisted; no price data found  (1d 2026-07-17 -> 2026-08-23)
Got error from yahoo api for ticker ERYP, Error: {'code': 'Not Found', 'description': 'No data found, symbol may be delisted'}
$ERYP: possibly delisted; no timezone found
Got error from yahoo api for ticker ESBK, Error: {'code': 'Not Found', 'description': 'No data found, symbol may be delisted'}
$ESBK: possibly delisted; no timezone found
$ESDI: possibly delisted; no price data found  (1d 2017-11-10 -> 2026-08-23)
Got error from yahoo api for ticker ESDIW, Error: {'code': 'Not Found', 'description': 'No data found, symbol may be delisted'}
$ESDIW: possibly delisted; no timezone found
Got error from yahoo api for ticker ESES, Error: {'code': 'Not Found', 'description': 'No data found, symbol may be delisted'}
$ESES: possibly delisted; no timezone found
Got error from yahoo api for ticker ESGL, Error: {'code': 'Not Found', 'description': 'No data found, symbol may be delisted'}
$ESGL: possibly delisted; no timezone found
Got error from yahoo api for ticker ESGR, Error: {'code': 'Not Found', 'description': 'No data found, symbol may be delisted'}
$ESGR: possibly delisted; no timezone found
$ESIO: possibly delisted; no price data found  (1d 2019-02-04 -> 2026-08-23)
Got error from yahoo api for ticker ESL, Error: {'code': 'Not Found', 'description': 'No data found, symbol may be delisted'}
$ESL: possibly delisted; no timezone found
$ESND: possibly delisted; no price data found  (1d 2019-01-31 -> 2026-08-23)
$ESRX: possibly delisted; no price data found  (1d 2018-12-21 -> 2026-08-23)
Got error from yahoo api for ticker ESSA, Error: {'code': 'Not Found', 'description': 'No data found, symbol may be delisted'}
$ESSA: possibly delisted; no timezone found
Got error from yahoo api for ticker ESTE, Error: {'code': 'Not Found', 'description': 'No data found, symbol may be delisted'}
$ESTE: possibly delisted; no timezone found
Got error from yahoo api for ticker ESV, Error: {'code': 'Not Found', 'description': 'No data found, symbol may be delisted'}
$ESV: possibly delisted; no timezone found
Got error from yahoo api for ticker ESXB, Error: {'code': 'Not Found', 'description': 'No data found, symbol may be delisted'}
$ESXB: possibly delisted; no timezone found
$ETE: possibly delisted; no price data found  (1d 2017-11-10 -> 2026-08-23)
Got error from yahoo api for ticker ETFC, Error: {'code': 'Not Found', 'description': 'No data found, symbol may be delisted'}
$ETFC: possibly delisted; no timezone found
Got error from yahoo api for ticker ETM, Error: {'code': 'Not Found', 'description': 'No data found, symbol may be delisted'}
$ETM: possibly delisted; no timezone found
Got error from yahoo api for ticker ETMW, Error: {'code': 'Not Found', 'description': 'No data found, symbol may be delisted'}
$ETMW: possibly delisted; no timezone found
$EUFL: possibly delisted; no price data found  (1d 2020-05-01 -> 2026-08-23)
$EUFX: possibly delisted; no price data found  (1d 2022-05-25 -> 2026-08-23)
$EUMV: possibly delisted; no price data found  (1d 2020-08-20 -> 2026-08-23)
Got error from yahoo api for ticker EURN, Error: {'code': 'Not Found', 'description': 'No data found, symbol may be delisted'}
$EURN: possibly delisted; no timezone found
Got error from yahoo api for ticker EVA, Error: {'code': 'Not Found', 'description': 'No data found, symbol may be delisted'}
$EVA: possibly delisted; no timezone found
$EVAR: possibly delisted; no price data found  (1d 2017-11-08 -> 2026-08-23)
Got error from yahoo api for ticker EVBG, Error: {'code': 'Not Found', 'description': 'No data found, symbol may be delisted'}
$EVBG: possibly delisted; no timezone found
Got error from yahoo api for ticker EVBN, Error: {'code': 'Not Found', 'description': 'No data found, symbol may be delisted'}
$EVBN: possibly delisted; no timezone found
$EVEP: possibly delisted; no price data found  (1d 2017-11-10 -> 2026-08-23)
$EVHC: possibly delisted; no price data found  (1d 2018-10-10 -> 2026-08-23)
Got error from yahoo api for ticker EVJ, Error: {'code': 'Not Found', 'description': 'No data found, symbol may be delisted'}
$EVJ: possibly delisted; no timezone found
Got error from yahoo api for ticker EVK, Error: {'code': 'Not Found', 'description': 'No data found, symbol may be delisted'}
$EVK: possibly delisted; no timezone found
$EVLMC: possibly delisted; no price data found  (1d 2022-12-23 -> 2026-08-23)
Got error from yahoo api for ticker EVM, Error: {'code': 'Not Found', 'description': 'No data found, symbol may be delisted'}
$EVM: possibly delisted; no timezone found
Got error from yahoo api for ticker EVOK, Error: {'code': 'Not Found', 'description': 'No data found, symbol may be delisted'}
$EVOK: possibly delisted; no timezone found
$EVP: possibly delisted; no price data found  (1d 2017-11-10 -> 2026-08-23)
Got error from yahoo api for ticker EVRI, Error: {'code': 'Not Found', 'description': 'No data found, symbol may be delisted'}
$EVRI: possibly delisted; no timezone found
$EVY: possibly delisted; no price data found  (1d 2026-07-17 -> 2026-08-23)
$EXA: possibly delisted; no price data found  (1d 2017-11-10 -> 2026-08-23)
$EXAC: possibly delisted; no price data found  (1d 2017-11-10 -> 2026-08-23)
Got error from yahoo api for ticker EXAS, Error: {'code': 'Not Found', 'description': 'No data found, symbol may be delisted'}
$EXAS: possibly delisted; no timezone found
Got error from yahoo api for ticker EXD, Error: {'code': 'Not Found', 'description': 'No data found, symbol may be delisted'}
$EXD: possibly delisted; no timezone found
Got error from yahoo api for ticker EXFO, Error: {'code': 'Not Found', 'description': 'No data found, symbol may be delisted'}
$EXFO: possibly delisted; no timezone found
$EXIV: possibly delisted; no price data found  (1d 2020-04-13 -> 2026-08-23)
Got error from yahoo api for ticker EXPR, Error: {'code': 'Not Found', 'description': 'No data found, symbol may be delisted'}
$EXPR: possibly delisted; no timezone found
Got error from yahoo api for ticker EXT, Error: {'code': 'Not Found', 'description': 'No data found, symbol may be delisted'}
$EXT: possibly delisted; no timezone found
Got error from yahoo api for ticker EXTN, Error: {'code': 'Not Found', 'description': 'No data found, symbol may be delisted'}
$EXTN: possibly delisted; no timezone found
$EXXI: possibly delisted; no price data found  (1d 2017-11-10 -> 2026-08-23)
Got error from yahoo api for ticker EYEGW, Error: {'code': 'Not Found', 'description': 'No data found, symbol may be delisted'}
$EYEGW: possibly delisted; no timezone found
Got error from yahoo api for ticker EYESW, Error: {'code': 'Not Found', 'description': 'No data found, symbol may be delisted'}
$EYESW: possibly delisted; no timezone found
Got error from yahoo api for ticker EZT, Error: {'code': 'Not Found', 'description': 'No data found, symbol may be delisted'}
$EZT: possibly delisted; no timezone found
Got error from yahoo api for ticker EZY, Error: {'code': 'Not Found', 'description': 'No data found, symbol may be delisted'}
$EZY: possibly delisted; no timezone found
Got error from yahoo api for ticker FAM, Error: {'code': 'Not Found', 'description': 'No data found, symbol may be delisted'}
$FAM: possibly delisted; no timezone found
Got error from yahoo api for ticker FANH, Error: {'code': 'Not Found', 'description': 'No data found, symbol may be delisted'}
$FANH: possibly delisted; no timezone found
Got error from yahoo api for ticker FARM, Error: {'code': 'Not Found', 'description': 'No data found, symbol may be delisted'}
$FARM: possibly delisted; no timezone found
Got error from yahoo api for ticker FARO, Error: {'code': 'Not Found', 'description': 'No data found, symbol may be delisted'}
$FARO: possibly delisted; no timezone found
Got error from yahoo api for ticker FAT, Error: {'code': 'Not Found', 'description': 'No data found, symbol may be delisted'}
$FAT: possibly delisted; no timezone found
Got error from yahoo api for ticker FBC, Error: {'code': 'Not Found', 'description': 'No data found, symbol may be delisted'}
$FBC: possibly delisted; no timezone found
$FBGX: possibly delisted; no price data found  (1d 2024-07-15 -> 2026-08-23)
Got error from yahoo api for ticker FBHS, Error: {'code': 'Not Found', 'description': 'No data found, symbol may be delisted'}
$FBHS: possibly delisted; no timezone found
Got error from yahoo api for ticker FBM, Error: {'code': 'Not Found', 'description': 'No data found, symbol may be delisted'}
$FBM: possibly delisted; no timezone found
Got error from yahoo api for ticker FBMS, Error: {'code': 'Not Found', 'description': 'No data found, symbol may be delisted'}
$FBMS: possibly delisted; no timezone found
Got error from yahoo api for ticker FBNK, Error: {'code': 'Not Found', 'description': 'No data found, symbol may be delisted'}
$FBNK: possibly delisted; no timezone found
$FBR: possibly delisted; no price data found  (1d 2019-01-03 -> 2026-08-23)
Got error from yahoo api for ticker FBSS, Error: {'code': 'Not Found', 'description': 'No data found, symbol may be delisted'}
$FBSS: possibly delisted; no timezone found
Got error from yahoo api for ticker FBZ, Error: {'code': 'Not Found', 'description': 'No data found, symbol may be delisted'}
$FBZ: possibly delisted; no timezone found
Got error from yahoo api for ticker FCAU, Error: {'code': 'Not Found', 'description': 'No data found, symbol may be delisted'}
$FCAU: possibly delisted; no timezone found
$FCB: possibly delisted; no price data found  (1d 2017-11-10 -> 2026-08-23) (Yahoo error = "No data found, symbol may be delisted")
Got error from yahoo api for ticker FCCY, Error: {'code': 'Not Found', 'description': 'No data found, symbol may be delisted'}
$FCCY: possibly delisted; no timezone found
$FCE-A: possibly delisted; no price data found  (1d 2017-11-10 -> 2026-08-23)
Got error from yahoo api for ticker FCO, Error: {'code': 'Not Found', 'description': 'No data found, symbol may be delisted'}
$FCO: possibly delisted; no timezone found
Got error from yahoo api for ticker FCRE, Error: {'code': 'Not Found', 'description': 'No data found, symbol may be delisted'}
$FCRE: possibly delisted; no timezone found
Got error from yahoo api for ticker FCSC, Error: {'code': 'Not Found', 'description': 'No data found, symbol may be delisted'}
$FCSC: possibly delisted; no timezone found
Got error from yahoo api for ticker FDC, Error: {'code': 'Not Found', 'description': 'No data found, symbol may be delisted'}
$FDC: possibly delisted; no timezone found
Got error from yahoo api for ticker FDEF, Error: {'code': 'Not Found', 'description': 'No data found, symbol may be delisted'}
$FDEF: possibly delisted; no timezone found
Got error from yahoo api for ticker FDEU, Error: {'code': 'Not Found', 'description': 'No data found, symbol may be delisted'}
$FDEU: possibly delisted; no timezone found
Got error from yahoo api for ticker FEI, Error: {'code': 'Not Found', 'description': 'No data found, symbol may be delisted'}
$FEI: possibly delisted; no timezone found
Got error from yahoo api for ticker FELP, Error: {'code': 'Not Found', 'description': 'No data found, symbol may be delisted'}
$FELP: possibly delisted; no timezone found
Got error from yahoo api for ticker FEN, Error: {'code': 'Not Found', 'description': 'No data found, symbol may be delisted'}
$FEN: possibly delisted; no timezone found
Got error from yahoo api for ticker FEO, Error: {'code': 'Not Found', 'description': 'No data found, symbol may be delisted'}
$FEO: possibly delisted; no timezone found
Got error from yahoo api for ticker FEYE, Error: {'code': 'Not Found', 'description': 'No data found, symbol may be delisted'}
$FEYE: possibly delisted; no timezone found
Got error from yahoo api for ticker FFBCW, Error: {'code': 'Not Found', 'description': 'No data found, symbol may be delisted'}
$FFBCW: possibly delisted; no timezone found
Got error from yahoo api for ticker FFG, Error: {'code': 'Not Found', 'description': 'No data found, symbol may be delisted'}
$FFG: possibly delisted; no timezone found
Got error from yahoo api for ticker FFHL, Error: {'code': 'Not Found', 'description': 'No data found, symbol may be delisted'}
$FFHL: possibly delisted; no timezone found
Got error from yahoo api for ticker FFIC, Error: {'code': 'Not Found', 'description': 'No data found, symbol may be delisted'}
$FFIC: possibly delisted; no timezone found
$FFKT: possibly delisted; no price data found  (1d 2017-11-10 -> 2026-08-23)
Got error from yahoo api for ticker FFNW, Error: {'code': 'Not Found', 'description': 'No data found, symbol may be delisted'}
$FFNW: possibly delisted; no timezone found
$FFR: possibly delisted; no price data found  (1d 2026-07-17 -> 2026-08-23) (Yahoo error = "No data found, symbol may be delisted")
Got error from yahoo api for ticker FFWM, Error: {'code': 'Not Found', 'description': 'No data found, symbol may be delisted'}
$FFWM: possibly delisted; no timezone found
Got error from yahoo api for ticker FGB, Error: {'code': 'Not Found', 'description': 'No data found, symbol may be delisted'}
$FGB: possibly delisted; no timezone found
Got error from yahoo api for ticker FGEN, Error: {'code': 'Not Found', 'description': 'No data found, symbol may be delisted'}
$FGEN: possibly delisted; no timezone found
Got error from yahoo api for ticker FGP, Error: {'code': 'Not Found', 'description': 'No data found, symbol may be delisted'}
$FGP: possibly delisted; no timezone found
$FH: possibly delisted; no price data found  (1d 2017-11-10 -> 2026-08-23)
Got error from yahoo api for ticker FHN_A, Error: {'code': 'Not Found', 'description': 'No data found, symbol may be delisted'}
$FHN_A: possibly delisted; no timezone found
Got error from yahoo api for ticker FHY, Error: {'code': 'Not Found', 'description': 'No data found, symbol may be delisted'}
$FHY: possibly delisted; no timezone found
Got error from yahoo api for ticker FI, Error: {'code': 'Not Found', 'description': 'No data found, symbol may be delisted'}
$FI: possibly delisted; no timezone found
Got error from yahoo api for ticker FIF, Error: {'code': 'Not Found', 'description': 'No data found, symbol may be delisted'}
$FIF: possibly delisted; no timezone found
Got error from yahoo api for ticker FII, Error: {'code': 'Not Found', 'description': 'No data found, symbol may be delisted'}
$FII: possibly delisted; no timezone found
$FINL: possibly delisted; no price data found  (1d 2017-11-10 -> 2026-08-23)
Got error from yahoo api for ticker FIT, Error: {'code': 'Not Found', 'description': 'No data found, symbol may be delisted'}
$FIT: possibly delisted; no timezone found
$FITBI: possibly delisted; no price data found  (1d 2017-11-10 -> 2026-08-23) (Yahoo error = "No data found, symbol may be delisted")
Got error from yahoo api for ticker FIV, Error: {'code': 'Not Found', 'description': 'No data found, symbol may be delisted'}
$FIV: possibly delisted; no timezone found
$FKO: possibly delisted; no price data found  (1d 2020-10-30 -> 2026-08-23) (Yahoo error = "No data found, symbol may be delisted")
Got error from yahoo api for ticker FL, Error: {'code': 'Not Found', 'description': 'No data found, symbol may be delisted'}
$FL: possibly delisted; no timezone found
Got error from yahoo api for ticker FLDM, Error: {'code': 'Not Found', 'description': 'No data found, symbol may be delisted'}
$FLDM: possibly delisted; no timezone found
Got error from yahoo api for ticker FLIC, Error: {'code': 'Not Found', 'description': 'No data found, symbol may be delisted'}
$FLIC: possibly delisted; no timezone found
Got error from yahoo api for ticker FLIR, Error: {'code': 'Not Found', 'description': 'No data found, symbol may be delisted'}
$FLIR: possibly delisted; no timezone found
Got error from yahoo api for ticker FLKS, Error: {'code': 'Not Found', 'description': 'No data found, symbol may be delisted'}
$FLKS: possibly delisted; no timezone found
$FLM: possibly delisted; no price data found  (1d 2026-07-17 -> 2026-08-23) (Yahoo error = "No data found, symbol may be delisted")
Got error from yahoo api for ticker FLT, Error: {'code': 'Not Found', 'description': 'No data found, symbol may be delisted'}
$FLT: possibly delisted; no timezone found
Got error from yahoo api for ticker FM, Error: {'code': 'Not Found', 'description': 'No data found, symbol may be delisted'}
$FM: possibly delisted; no timezone found
Got error from yahoo api for ticker FMBI, Error: {'code': 'Not Found', 'description': 'No data found, symbol may be delisted'}
$FMBI: possibly delisted; no timezone found
Got error from yahoo api for ticker FMCI, Error: {'code': 'Not Found', 'description': 'No data found, symbol may be delisted'}
$FMCI: possibly delisted; no timezone found
Got error from yahoo api for ticker FMCIR, Error: {'code': 'Not Found', 'description': 'No data found, symbol may be delisted'}
$FMCIR: possibly delisted; no timezone found
Got error from yahoo api for ticker FMCIU, Error: {'code': 'Not Found', 'description': 'No data found, symbol may be delisted'}
$FMCIU: possibly delisted; no timezone found
Got error from yahoo api for ticker FMCIW, Error: {'code': 'Not Found', 'description': 'No data found, symbol may be delisted'}
$FMCIW: possibly delisted; no timezone found
$FMDG: possibly delisted; no price data found  (1d 2017-11-10 -> 2026-08-23)
$FMI: possibly delisted; no price data found  (1d 2017-11-10 -> 2026-08-23)
$FMO: possibly delisted; no price data found  (1d 2026-07-17 -> 2026-08-23) (Yahoo error = "No data found, symbol may be delisted")
$FMSA: possibly delisted; no price data found  (1d 2017-11-10 -> 2026-08-23)
$FNBG: possibly delisted; no price data found  (1d 2018-07-13 -> 2026-08-23)
Got error from yahoo api for ticker FNB_E, Error: {'code': 'Not Found', 'description': 'No data found, symbol may be delisted'}
$FNB_E: possibly delisted; no timezone found
$FNFV: possibly delisted; no price data found  (1d 2017-11-10 -> 2026-08-23)
Got error from yahoo api for ticker FNGN, Error: {'code': 'Not Found', 'description': 'No data found, symbol may be delisted'}
$FNGN: possibly delisted; no timezone found
$FNHC: possibly delisted; no price data found  (1d 2017-11-10 -> 2026-08-23) (Yahoo error = "No data found, symbol may be delisted")
Got error from yahoo api for ticker FNJN, Error: {'code': 'Not Found', 'description': 'No data found, symbol may be delisted'}
$FNJN: possibly delisted; no timezone found
Got error from yahoo api for ticker FNSR, Error: {'code': 'Not Found', 'description': 'No data found, symbol may be delisted'}
$FNSR: possibly delisted; no timezone found
$FNTE: possibly delisted; no price data found  (1d 2017-11-10 -> 2026-08-23)
$FNTEU: possibly delisted; no price data found  (1d 2017-11-10 -> 2026-08-23)
Got error from yahoo api for ticker FNTEW, Error: {'code': 'Not Found', 'description': 'No data found, symbol may be delisted'}
$FNTEW: possibly delisted; no timezone found
Got error from yahoo api for ticker FOANC, Error: {'code': 'Not Found', 'description': 'No data found, symbol may be delisted'}
$FOANC: possibly delisted; no timezone found
Got error from yahoo api for ticker FOE, Error: {'code': 'Not Found', 'description': 'No data found, symbol may be delisted'}
$FOE: possibly delisted; no timezone found
$FOGO: possibly delisted; no price data found  (1d 2018-04-13 -> 2026-08-23)
$FOLD: possibly delisted; no price data found  (1d 2017-11-10 -> 2026-08-23) (Yahoo error = "No data found, symbol may be delisted")
Got error from yahoo api for ticker FOMX, Error: {'code': 'Not Found', 'description': 'No data found, symbol may be delisted'}
$FOMX: possibly delisted; no timezone found
$FONR: possibly delisted; no price data found  (1d 2017-11-10 -> 2026-08-23) (Yahoo error = "No data found, symbol may be delisted")
Got error from yahoo api for ticker FORD, Error: {'code': 'Not Found', 'description': 'No data found, symbol may be delisted'}
$FORD: possibly delisted; no timezone found
Got error from yahoo api for ticker FORK, Error: {'code': 'Not Found', 'description': 'No data found, symbol may be delisted'}
$FORK: possibly delisted; no timezone found
Got error from yahoo api for ticker FPAY, Error: {'code': 'Not Found', 'description': 'No data found, symbol may be delisted'}
$FPAY: possibly delisted; no timezone found
Got error from yahoo api for ticker FPI_B, Error: {'code': 'Not Found', 'description': 'No data found, symbol may be delisted'}
$FPI_B: possibly delisted; no timezone found
Got error from yahoo api for ticker FPL, Error: {'code': 'Not Found', 'description': 'No data found, symbol may be delisted'}
$FPL: possibly delisted; no timezone found
$FPP: possibly delisted; no price data found  (1d 2017-11-10 -> 2026-08-23)
Got error from yahoo api for ticker FPP-WS, Error: {'code': 'Not Found', 'description': 'No data found, symbol may be delisted'}
$FPP-WS: possibly delisted; no timezone found
Got error from yahoo api for ticker FPRX, Error: {'code': 'Not Found', 'description': 'No data found, symbol may be delisted'}
$FPRX: possibly delisted; no timezone found
$FPT: possibly delisted; no price data found  (1d 2017-11-10 -> 2026-08-23) (Yahoo error = "No data found, symbol may be delisted")
Got error from yahoo api for ticker FRAC, Error: {'code': 'Not Found', 'description': 'No data found, symbol may be delisted'}
$FRAC: possibly delisted; no timezone found
$FRAK: possibly delisted; no price data found  (1d 2021-10-22 -> 2026-08-23)
Got error from yahoo api for ticker FRAN, Error: {'code': 'Not Found', 'description': 'No data found, symbol may be delisted'}
$FRAN: possibly delisted; no timezone found
Got error from yahoo api for ticker FRBK, Error: {'code': 'Not Found', 'description': 'No data found, symbol may be delisted'}
$FRBK: possibly delisted; no timezone found
Got error from yahoo api for ticker FRC, Error: {'code': 'Not Found', 'description': 'No data found, symbol may be delisted'}
$FRC: possibly delisted; no timezone found
Got error from yahoo api for ticker FRC_C, Error: {'code': 'Not Found', 'description': 'No data found, symbol may be delisted'}
$FRC_C: possibly delisted; no timezone found
Got error from yahoo api for ticker FRC_D, Error: {'code': 'Not Found', 'description': 'No data found, symbol may be delisted'}
$FRC_D: possibly delisted; no timezone found
Got error from yahoo api for ticker FRC_E, Error: {'code': 'Not Found', 'description': 'No data found, symbol may be delisted'}
$FRC_E: possibly delisted; no timezone found
Got error from yahoo api for ticker FRC_F, Error: {'code': 'Not Found', 'description': 'No data found, symbol may be delisted'}
$FRC_F: possibly delisted; no timezone found
Got error from yahoo api for ticker FRC_G, Error: {'code': 'Not Found', 'description': 'No data found, symbol may be delisted'}
$FRC_G: possibly delisted; no timezone found
Got error from yahoo api for ticker FRC_H, Error: {'code': 'Not Found', 'description': 'No data found, symbol may be delisted'}
$FRC_H: possibly delisted; no timezone found
Got error from yahoo api for ticker FRED, Error: {'code': 'Not Found', 'description': 'No data found, symbol may be delisted'}
$FRED: possibly delisted; no timezone found
Got error from yahoo api for ticker FRGI, Error: {'code': 'Not Found', 'description': 'No data found, symbol may be delisted'}
$FRGI: possibly delisted; no timezone found
Got error from yahoo api for ticker FRTA, Error: {'code': 'Not Found', 'description': 'No data found, symbol may be delisted'}
$FRTA: possibly delisted; no timezone found
Got error from yahoo api for ticker FRT_C, Error: {'code': 'Not Found', 'description': 'No data found, symbol may be delisted'}
$FRT_C: possibly delisted; no timezone found
$FSAC: possibly delisted; no price data found  (1d 2017-11-10 -> 2026-08-23)
Got error from yahoo api for ticker FSACU, Error: {'code': 'Not Found', 'description': 'No data found, symbol may be delisted'}
$FSACU: possibly delisted; no timezone found
Got error from yahoo api for ticker FSACW, Error: {'code': 'Not Found', 'description': 'No data found, symbol may be delisted'}
$FSACW: possibly delisted; no timezone found
Got error from yahoo api for ticker FSAM, Error: {'code': 'Not Found', 'description': 'No data found, symbol may be delisted'}
$FSAM: possibly delisted; no timezone found
Got error from yahoo api for ticker FSB, Error: {'code': 'Not Found', 'description': 'No data found, symbol may be delisted'}
$FSB: possibly delisted; no timezone found
$FSBK: possibly delisted; no price data found  (1d 2017-10-31 -> 2026-08-23)
Got error from yahoo api for ticker FSCT, Error: {'code': 'Not Found', 'description': 'No data found, symbol may be delisted'}
$FSCT: possibly delisted; no timezone found
Got error from yahoo api for ticker FSD, Error: {'code': 'Not Found', 'description': 'No data found, symbol may be delisted'}
$FSD: possibly delisted; no timezone found
Got error from yahoo api for ticker FSFG, Error: {'code': 'Not Found', 'description': 'No data found, symbol may be delisted'}
$FSFG: possibly delisted; no timezone found
$FSIC: possibly delisted; no price data found  (1d 2017-11-10 -> 2026-08-23)
Got error from yahoo api for ticker FSNN, Error: {'code': 'Not Found', 'description': 'No data found, symbol may be delisted'}
$FSNN: possibly delisted; no timezone found
Got error from yahoo api for ticker FTD, Error: {'code': 'Not Found', 'description': 'No data found, symbol may be delisted'}
$FTD: possibly delisted; no timezone found
Got error from yahoo api for ticker FTEO, Error: {'code': 'Not Found', 'description': 'No data found, symbol may be delisted'}
$FTEO: possibly delisted; no timezone found
Got error from yahoo api for ticker FTR, Error: {'code': 'Not Found', 'description': 'No data found, symbol may be delisted'}
$FTR: possibly delisted; no timezone found
Got error from yahoo api for ticker FTRPR, Error: {'code': 'Not Found', 'description': 'No data found, symbol may be delisted'}
$FTRPR: possibly delisted; no timezone found
$FUD: possibly delisted; no price data found  (1d 2021-01-15 -> 2026-08-23)
Got error from yahoo api for ticker FULLL, Error: {'code': 'Not Found', 'description': 'No data found, symbol may be delisted'}
$FULLL: possibly delisted; no timezone found
Got error from yahoo api for ticker FUV, Error: {'code': 'Not Found', 'description': 'No data found, symbol may be delisted'}
$FUV: possibly delisted; no timezone found
Got error from yahoo api for ticker FVE, Error: {'code': 'Not Found', 'description': 'No data found, symbol may be delisted'}
$FVE: possibly delisted; no timezone found
Got error from yahoo api for ticker FVL, Error: {'code': 'Not Found', 'description': 'No data found, symbol may be delisted'}
$FVL: possibly delisted; no timezone found
Got error from yahoo api for ticker FWP, Error: {'code': 'Not Found', 'description': 'No data found, symbol may be delisted'}
$FWP: possibly delisted; no timezone found
$FXCH: possibly delisted; no price data found  (1d 2020-04-14 -> 2026-08-23)
Got error from yahoo api for ticker GABR, Error: {'code': 'Not Found', 'description': 'No data found, symbol may be delisted'}
$GABR: possibly delisted; no timezone found
Got error from yahoo api for ticker GABRW, Error: {'code': 'Not Found', 'description': 'No data found, symbol may be delisted'}
$GABRW: possibly delisted; no timezone found
Got error from yahoo api for ticker GAB_D, Error: {'code': 'Not Found', 'description': 'No data found, symbol may be delisted'}
$GAB_D: possibly delisted; no timezone found
Got error from yahoo api for ticker GAB_G, Error: {'code': 'Not Found', 'description': 'No data found, symbol may be delisted'}
$GAB_G: possibly delisted; no timezone found
Got error from yahoo api for ticker GAB_H, Error: {'code': 'Not Found', 'description': 'No data found, symbol may be delisted'}
$GAB_H: possibly delisted; no timezone found
Got error from yahoo api for ticker GAB_J, Error: {'code': 'Not Found', 'description': 'No data found, symbol may be delisted'}
$GAB_J: possibly delisted; no timezone found
Got error from yahoo api for ticker GAINM, Error: {'code': 'Not Found', 'description': 'No data found, symbol may be delisted'}
$GAINM: possibly delisted; no timezone found
Got error from yahoo api for ticker GAINN, Error: {'code': 'Not Found', 'description': 'No data found, symbol may be delisted'}
$GAINN: possibly delisted; no timezone found
Got error from yahoo api for ticker GAINO, Error: {'code': 'Not Found', 'description': 'No data found, symbol may be delisted'}
$GAINO: possibly delisted; no timezone found
$GALE: possibly delisted; no price data found  (1d 2017-11-10 -> 2026-08-23)
Got error from yahoo api for ticker GAM_B, Error: {'code': 'Not Found', 'description': 'No data found, symbol may be delisted'}
$GAM_B: possibly delisted; no timezone found
Got error from yahoo api for ticker GARS, Error: {'code': 'Not Found', 'description': 'No data found, symbol may be delisted'}
$GARS: possibly delisted; no timezone found
Got error from yahoo api for ticker GBL, Error: {'code': 'Not Found', 'description': 'No data found, symbol may be delisted'}
$GBL: possibly delisted; no timezone found
Got error from yahoo api for ticker GBLIL, Error: {'code': 'Not Found', 'description': 'No data found, symbol may be delisted'}
$GBLIL: possibly delisted; no timezone found
Got error from yahoo api for ticker GBLIZ, Error: {'code': 'Not Found', 'description': 'No data found, symbol may be delisted'}
$GBLIZ: possibly delisted; no timezone found
$GBNK: possibly delisted; no price data found  (1d 2017-11-10 -> 2026-08-23)
Got error from yahoo api for ticker GBT, Error: {'code': 'Not Found', 'description': 'No data found, symbol may be delisted'}
$GBT: possibly delisted; no timezone found
Got error from yahoo api for ticker GCAP, Error: {'code': 'Not Found', 'description': 'No data found, symbol may be delisted'}
$GCAP: possibly delisted; no timezone found
$GCE: possibly delisted; no price data found  (1d 2026-07-17 -> 2026-08-23) (Yahoo error = "No data found, symbol may be delisted")
Got error from yahoo api for ticker GCH, Error: {'code': 'Not Found', 'description': 'No data found, symbol may be delisted'}
$GCH: possibly delisted; no timezone found
Got error from yahoo api for ticker GCI, Error: {'code': 'Not Found', 'description': 'No data found, symbol may be delisted'}
$GCI: possibly delisted; no timezone found
Got error from yahoo api for ticker GCP, Error: {'code': 'Not Found', 'description': 'No data found, symbol may be delisted'}
$GCP: possibly delisted; no timezone found
Got error from yahoo api for ticker GCVRZ, Error: {'code': 'Not Found', 'description': 'No data found, symbol may be delisted'}
$GCVRZ: possibly delisted; no timezone found
Got error from yahoo api for ticker GCV_B, Error: {'code': 'Not Found', 'description': 'No data found, symbol may be delisted'}
$GCV_B: possibly delisted; no timezone found
Got error from yahoo api for ticker GDEN, Error: {'code': 'Not Found', 'description': 'No data found, symbol may be delisted'}
$GDEN: possibly delisted; no timezone found
Got error from yahoo api for ticker GDI, Error: {'code': 'Not Found', 'description': 'No data found, symbol may be delisted'}
$GDI: possibly delisted; no timezone found
Got error from yahoo api for ticker GDL_B, Error: {'code': 'Not Found', 'description': 'No data found, symbol may be delisted'}
$GDL_B: possibly delisted; no timezone found
Got error from yahoo api for ticker GDP, Error: {'code': 'Not Found', 'description': 'No data found, symbol may be delisted'}
$GDP: possibly delisted; no timezone found
$GDVD: possibly delisted; no price data found  (1d 2024-09-09 -> 2026-08-23)
Got error from yahoo api for ticker GDV_A, Error: {'code': 'Not Found', 'description': 'No data found, symbol may be delisted'}
$GDV_A: possibly delisted; no timezone found
Got error from yahoo api for ticker GDV_D, Error: {'code': 'Not Found', 'description': 'No data found, symbol may be delisted'}
$GDV_D: possibly delisted; no timezone found
Got error from yahoo api for ticker GDV_G, Error: {'code': 'Not Found', 'description': 'No data found, symbol may be delisted'}
$GDV_G: possibly delisted; no timezone found
$GEB: possibly delisted; no price data found  (1d 2017-11-10 -> 2026-08-23)
Got error from yahoo api for ticker GEC, Error: {'code': 'Not Found', 'description': 'No data found, symbol may be delisted'}
$GEC: possibly delisted; no timezone found
Got error from yahoo api for ticker GECCL, Error: {'code': 'Not Found', 'description': 'No data found, symbol may be delisted'}
$GECCL: possibly delisted; no timezone found
Got error from yahoo api for ticker GEH, Error: {'code': 'Not Found', 'description': 'No data found, symbol may be delisted'}
$GEH: possibly delisted; no timezone found
Got error from yahoo api for ticker GEK, Error: {'code': 'Not Found', 'description': 'No data found, symbol may be delisted'}
$GEK: possibly delisted; no timezone found
Got error from yahoo api for ticker GEMP, Error: {'code': 'Not Found', 'description': 'No data found, symbol may be delisted'}
$GEMP: possibly delisted; no timezone found
Got error from yahoo api for ticker GENE, Error: {'code': 'Not Found', 'description': 'No data found, symbol may be delisted'}
$GENE: possibly delisted; no timezone found
$GENY: possibly delisted; no price data found  (1d 2023-10-23 -> 2026-08-23)
Got error from yahoo api for ticker GER, Error: {'code': 'Not Found', 'description': 'No data found, symbol may be delisted'}
$GER: possibly delisted; no timezone found
Got error from yahoo api for ticker GES, Error: {'code': 'Not Found', 'description': 'No data found, symbol may be delisted'}
$GES: possibly delisted; no timezone found
$GFA: possibly delisted; no price data found  (1d 2017-11-10 -> 2026-08-23)
Got error from yahoo api for ticker GFED, Error: {'code': 'Not Found', 'description': 'No data found, symbol may be delisted'}
$GFED: possibly delisted; no timezone found
Got error from yahoo api for ticker GFN, Error: {'code': 'Not Found', 'description': 'No data found, symbol may be delisted'}
$GFN: possibly delisted; no timezone found
Got error from yahoo api for ticker GFNCP, Error: {'code': 'Not Found', 'description': 'No data found, symbol may be delisted'}
$GFNCP: possibly delisted; no timezone found
Got error from yahoo api for ticker GFNSL, Error: {'code': 'Not Found', 'description': 'No data found, symbol may be delisted'}
$GFNSL: possibly delisted; no timezone found
Got error from yahoo api for ticker GFY, Error: {'code': 'Not Found', 'description': 'No data found, symbol may be delisted'}
$GFY: possibly delisted; no timezone found
Got error from yahoo api for ticker GG, Error: {'code': 'Not Found', 'description': 'No data found, symbol may be delisted'}
$GG: possibly delisted; no timezone found
Got error from yahoo api for ticker GGN_B, Error: {'code': 'Not Found', 'description': 'No data found, symbol may be delisted'}
$GGN_B: possibly delisted; no timezone found
Got error from yahoo api for ticker GGO, Error: {'code': 'Not Found', 'description': 'No data found, symbol may be delisted'}
$GGO: possibly delisted; no timezone found
Got error from yahoo api for ticker GGO_A, Error: {'code': 'Not Found', 'description': 'No data found, symbol may be delisted'}
$GGO_A: possibly delisted; no timezone found
$GGP: possibly delisted; no price data found  (1d 2017-11-10 -> 2026-08-23)
Got error from yahoo api for ticker GGP_A, Error: {'code': 'Not Found', 'description': 'No data found, symbol may be delisted'}
$GGP_A: possibly delisted; no timezone found
Got error from yahoo api for ticker GGT_B, Error: {'code': 'Not Found', 'description': 'No data found, symbol may be delisted'}
$GGT_B: possibly delisted; no timezone found
Got error from yahoo api for ticker GGT_E, Error: {'code': 'Not Found', 'description': 'No data found, symbol may be delisted'}
$GGT_E: possibly delisted; no timezone found
Got error from yahoo api for ticker GGZR, Error: {'code': 'Not Found', 'description': 'No data found, symbol may be delisted'}
$GGZR: possibly delisted; no timezone found
Got error from yahoo api for ticker GGZRW, Error: {'code': 'Not Found', 'description': 'No data found, symbol may be delisted'}
$GGZRW: possibly delisted; no timezone found
Got error from yahoo api for ticker GGZ_A, Error: {'code': 'Not Found', 'description': 'No data found, symbol may be delisted'}
$GGZ_A: possibly delisted; no timezone found
Got error from yahoo api for ticker GHDX, Error: {'code': 'Not Found', 'description': 'No data found, symbol may be delisted'}
$GHDX: possibly delisted; no timezone found
Got error from yahoo api for ticker GHL, Error: {'code': 'Not Found', 'description': 'No data found, symbol may be delisted'}
$GHL: possibly delisted; no timezone found
$GHS: possibly delisted; no price data found  (1d 2017-11-10 -> 2026-08-23)
Got error from yahoo api for ticker GIFI, Error: {'code': 'Not Found', 'description': 'No data found, symbol may be delisted'}
$GIFI: possibly delisted; no timezone found
Got error from yahoo api for ticker GIGA, Error: {'code': 'Not Found', 'description': 'No data found, symbol may be delisted'}
$GIGA: possibly delisted; no timezone found
Got error from yahoo api for ticker GIM, Error: {'code': 'Not Found', 'description': 'No data found, symbol may be delisted'}
$GIM: possibly delisted; no timezone found
$GIMO: possibly delisted; no price data found  (1d 2017-11-10 -> 2026-08-23)
Got error from yahoo api for ticker GJV, Error: {'code': 'Not Found', 'description': 'No data found, symbol may be delisted'}
$GJV: possibly delisted; no timezone found
Got error from yahoo api for ticker GLADN, Error: {'code': 'Not Found', 'description': 'No data found, symbol may be delisted'}
$GLADN: possibly delisted; no timezone found
Got error from yahoo api for ticker GLDD, Error: {'code': 'Not Found', 'description': 'No data found, symbol may be delisted'}
$GLDD: possibly delisted; no timezone found
Got error from yahoo api for ticker GLOG, Error: {'code': 'Not Found', 'description': 'No data found, symbol may be delisted'}
$GLOG: possibly delisted; no timezone found
Got error from yahoo api for ticker GLOG_A, Error: {'code': 'Not Found', 'description': 'No data found, symbol may be delisted'}
$GLOG_A: possibly delisted; no timezone found
Got error from yahoo api for ticker GLOP, Error: {'code': 'Not Found', 'description': 'No data found, symbol may be delisted'}
$GLOP: possibly delisted; no timezone found
Got error from yahoo api for ticker GLOP_A, Error: {'code': 'Not Found', 'description': 'No data found, symbol may be delisted'}
$GLOP_A: possibly delisted; no timezone found
Got error from yahoo api for ticker GLPG, Error: {'code': 'Not Found', 'description': 'No data found, symbol may be delisted'}
$GLPG: possibly delisted; no timezone found
Got error from yahoo api for ticker GLT, Error: {'code': 'Not Found', 'description': 'No data found, symbol may be delisted'}
$GLT: possibly delisted; no timezone found
Got error from yahoo api for ticker GLUU, Error: {'code': 'Not Found', 'description': 'No data found, symbol may be delisted'}
$GLUU: possibly delisted; no timezone found
Got error from yahoo api for ticker GLU_A, Error: {'code': 'Not Found', 'description': 'No data found, symbol may be delisted'}
$GLU_A: possibly delisted; no timezone found
Got error from yahoo api for ticker GLYC, Error: {'code': 'Not Found', 'description': 'No data found, symbol may be delisted'}
$GLYC: possibly delisted; no timezone found
Got error from yahoo api for ticker GM-WS-B, Error: {'code': 'Not Found', 'description': 'No data found, symbol may be delisted'}
$GM-WS-B: possibly delisted; no timezone found
Got error from yahoo api for ticker GMLP, Error: {'code': 'Not Found', 'description': 'No data found, symbol may be delisted'}
$GMLP: possibly delisted; no timezone found
Got error from yahoo api for ticker GMLPP, Error: {'code': 'Not Found', 'description': 'No data found, symbol may be delisted'}
$GMLPP: possibly delisted; no timezone found
Got error from yahoo api for ticker GMO, Error: {'code': 'Not Found', 'description': 'No data found, symbol may be delisted'}
$GMO: possibly delisted; no timezone found
Got error from yahoo api for ticker GMRE, Error: {'code': 'Not Found', 'description': 'No data found, symbol may be delisted'}
$GMRE: possibly delisted; no timezone found
Got error from yahoo api for ticker GMRE_A, Error: {'code': 'Not Found', 'description': 'No data found, symbol may be delisted'}
$GMRE_A: possibly delisted; no timezone found
Got error from yahoo api for ticker GMS, Error: {'code': 'Not Found', 'description': 'No data found, symbol may be delisted'}
$GMS: possibly delisted; no timezone found
Got error from yahoo api for ticker GMZ, Error: {'code': 'Not Found', 'description': 'No data found, symbol may be delisted'}
$GMZ: possibly delisted; no timezone found
$GNBC: possibly delisted; no price data found  (1d 2017-11-10 -> 2026-08-23)
Got error from yahoo api for ticker GNC, Error: {'code': 'Not Found', 'description': 'No data found, symbol may be delisted'}
$GNC: possibly delisted; no timezone found
Got error from yahoo api for ticker GNCA, Error: {'code': 'Not Found', 'description': 'No data found, symbol may be delisted'}
$GNCA: possibly delisted; no timezone found
$GNCMA: possibly delisted; no price data found  (1d 2017-11-10 -> 2026-08-23)
Got error from yahoo api for ticker GNE_A, Error: {'code': 'Not Found', 'description': 'No data found, symbol may be delisted'}
$GNE_A: possibly delisted; no timezone found
Got error from yahoo api for ticker GNL_A, Error: {'code': 'Not Found', 'description': 'No data found, symbol may be delisted'}
$GNL_A: possibly delisted; no timezone found
Got error from yahoo api for ticker GNMK, Error: {'code': 'Not Found', 'description': 'No data found, symbol may be delisted'}
$GNMK: possibly delisted; no timezone found
$GNRT: possibly delisted; no price data found  (1d 2017-11-10 -> 2026-08-23)
Got error from yahoo api for ticker GNRX, Error: {'code': 'Not Found', 'description': 'No data found, symbol may be delisted'}
$GNRX: possibly delisted; no timezone found
Got error from yahoo api for ticker GNTY, Error: {'code': 'Not Found', 'description': 'No data found, symbol may be delisted'}
$GNTY: possibly delisted; no timezone found
Got error from yahoo api for ticker GNT_A, Error: {'code': 'Not Found', 'description': 'No data found, symbol may be delisted'}
$GNT_A: possibly delisted; no timezone found
Got error from yahoo api for ticker GNUS, Error: {'code': 'Not Found', 'description': 'No data found, symbol may be delisted'}
$GNUS: possibly delisted; no timezone found
Got error from yahoo api for ticker GOL, Error: {'code': 'Not Found', 'description': 'No data found, symbol may be delisted'}
$GOL: possibly delisted; no timezone found
Got error from yahoo api for ticker GOODM, Error: {'code': 'Not Found', 'description': 'No data found, symbol may be delisted'}
$GOODM: possibly delisted; no timezone found
Got error from yahoo api for ticker GOODP, Error: {'code': 'Not Found', 'description': 'No data found, symbol may be delisted'}
$GOODP: possibly delisted; no timezone found
$GOV: possibly delisted; no price data found  (1d 2017-11-10 -> 2026-08-23) (Yahoo error = "No data found, symbol may be delisted")
Got error from yahoo api for ticker GOVNI, Error: {'code': 'Not Found', 'description': 'No data found, symbol may be delisted'}
$GOVNI: possibly delisted; no timezone found
Got error from yahoo api for ticker GPE_A-CL, Error: {'code': 'Not Found', 'description': 'No data found, symbol may be delisted'}
$GPE_A-CL: possibly delisted; no timezone found
Got error from yahoo api for ticker GPIC, Error: {'code': 'Not Found', 'description': 'No data found, symbol may be delisted'}
$GPIC: possibly delisted; no timezone found
Got error from yahoo api for ticker GPL, Error: {'code': 'Not Found', 'description': 'No data found, symbol may be delisted'}
$GPL: possibly delisted; no timezone found
Got error from yahoo api for ticker GPM, Error: {'code': 'Not Found', 'description': 'No data found, symbol may be delisted'}
$GPM: possibly delisted; no timezone found
Got error from yahoo api for ticker GPMTW, Error: {'code': 'Not Found', 'description': 'No data found, symbol may be delisted'}
$GPMTW: possibly delisted; no timezone found
Got error from yahoo api for ticker GPP, Error: {'code': 'Not Found', 'description': 'No data found, symbol may be delisted'}
$GPP: possibly delisted; no timezone found
Got error from yahoo api for ticker GPS, Error: {'code': 'Not Found', 'description': 'No data found, symbol may be delisted'}
$GPS: possibly delisted; no timezone found
Got error from yahoo api for ticker GPT_A, Error: {'code': 'Not Found', 'description': 'No data found, symbol may be delisted'}
$GPT_A: possibly delisted; no timezone found
Got error from yahoo api for ticker GPX, Error: {'code': 'Not Found', 'description': 'No data found, symbol may be delisted'}
$GPX: possibly delisted; no timezone found
Got error from yahoo api for ticker GRA, Error: {'code': 'Not Found', 'description': 'No data found, symbol may be delisted'}
$GRA: possibly delisted; no timezone found
Got error from yahoo api for ticker GRIF, Error: {'code': 'Not Found', 'description': 'No data found, symbol may be delisted'}
$GRIF: possibly delisted; no timezone found
Got error from yahoo api for ticker GRP-U, Error: {'code': 'Not Found', 'description': 'No data found, symbol may be delisted'}
$GRP-U: possibly delisted; no timezone found
$GRR: possibly delisted; no price data found  (1d 2017-11-10 -> 2026-08-23) (Yahoo error = "No data found, symbol may be delisted")
Got error from yahoo api for ticker GRUB, Error: {'code': 'Not Found', 'description': 'No data found, symbol may be delisted'}
$GRUB: possibly delisted; no timezone found
Got error from yahoo api for ticker GRX_A, Error: {'code': 'Not Found', 'description': 'No data found, symbol may be delisted'}
$GRX_A: possibly delisted; no timezone found
Got error from yahoo api for ticker GRX_B, Error: {'code': 'Not Found', 'description': 'No data found, symbol may be delisted'}
$GRX_B: possibly delisted; no timezone found
Got error from yahoo api for ticker GSB, Error: {'code': 'Not Found', 'description': 'No data found, symbol may be delisted'}
$GSB: possibly delisted; no timezone found
Got error from yahoo api for ticker GSD, Error: {'code': 'Not Found', 'description': 'No data found, symbol may be delisted'}
$GSD: possibly delisted; no timezone found
Got error from yahoo api for ticker GSH, Error: {'code': 'Not Found', 'description': 'No data found, symbol may be delisted'}
$GSH: possibly delisted; no timezone found
Got error from yahoo api for ticker GSHT, Error: {'code': 'Not Found', 'description': 'No data found, symbol may be delisted'}
$GSHT: possibly delisted; no timezone found
$GSHTU: possibly delisted; no price data found  (1d 2018-10-26 -> 2026-08-23)
Got error from yahoo api for ticker GSHTW, Error: {'code': 'Not Found', 'description': 'No data found, symbol may be delisted'}
$GSHTW: possibly delisted; no timezone found
Got error from yahoo api for ticker GSL_B, Error: {'code': 'Not Found', 'description': 'No data found, symbol may be delisted'}
$GSL_B: possibly delisted; no timezone found
$GSP: possibly delisted; no price data found  (1d 2017-11-10 -> 2026-08-23) (Yahoo error = "No data found, symbol may be delisted")
Got error from yahoo api for ticker GSS, Error: {'code': 'Not Found', 'description': 'No data found, symbol may be delisted'}
$GSS: possibly delisted; no timezone found
Got error from yahoo api for ticker GST, Error: {'code': 'Not Found', 'description': 'No data found, symbol may be delisted'}
$GST: possibly delisted; no timezone found
Got error from yahoo api for ticker GST_A, Error: {'code': 'Not Found', 'description': 'No data found, symbol may be delisted'}
$GST_A: possibly delisted; no timezone found
Got error from yahoo api for ticker GST_B, Error: {'code': 'Not Found', 'description': 'No data found, symbol may be delisted'}
$GST_B: possibly delisted; no timezone found
Got error from yahoo api for ticker GSUM, Error: {'code': 'Not Found', 'description': 'No data found, symbol may be delisted'}
$GSUM: possibly delisted; no timezone found
Got error from yahoo api for ticker GSV, Error: {'code': 'Not Found', 'description': 'No data found, symbol may be delisted'}
$GSV: possibly delisted; no timezone found
Got error from yahoo api for ticker GSVC, Error: {'code': 'Not Found', 'description': 'No data found, symbol may be delisted'}
$GSVC: possibly delisted; no timezone found
Got error from yahoo api for ticker GS_A, Error: {'code': 'Not Found', 'description': 'No data found, symbol may be delisted'}
$GS_A: possibly delisted; no timezone found
Got error from yahoo api for ticker GS_B, Error: {'code': 'Not Found', 'description': 'No data found, symbol may be delisted'}
$GS_B: possibly delisted; no timezone found
Got error from yahoo api for ticker GS_C, Error: {'code': 'Not Found', 'description': 'No data found, symbol may be delisted'}
$GS_C: possibly delisted; no timezone found
Got error from yahoo api for ticker GS_D, Error: {'code': 'Not Found', 'description': 'No data found, symbol may be delisted'}
$GS_D: possibly delisted; no timezone found
Got error from yahoo api for ticker GS_I, Error: {'code': 'Not Found', 'description': 'No data found, symbol may be delisted'}
$GS_I: possibly delisted; no timezone found
Got error from yahoo api for ticker GS_I-CL, Error: {'code': 'Not Found', 'description': 'No data found, symbol may be delisted'}
$GS_I-CL: possibly delisted; no timezone found
Got error from yahoo api for ticker GS_J, Error: {'code': 'Not Found', 'description': 'No data found, symbol may be delisted'}
$GS_J: possibly delisted; no timezone found
Got error from yahoo api for ticker GS_K, Error: {'code': 'Not Found', 'description': 'No data found, symbol may be delisted'}
$GS_K: possibly delisted; no timezone found
Got error from yahoo api for ticker GS_N, Error: {'code': 'Not Found', 'description': 'No data found, symbol may be delisted'}
$GS_N: possibly delisted; no timezone found
Got error from yahoo api for ticker GTHX, Error: {'code': 'Not Found', 'description': 'No data found, symbol may be delisted'}
$GTHX: possibly delisted; no timezone found
Got error from yahoo api for ticker GTS, Error: {'code': 'Not Found', 'description': 'No data found, symbol may be delisted'}
$GTS: possibly delisted; no timezone found
Got error from yahoo api for ticker GTT, Error: {'code': 'Not Found', 'description': 'No data found, symbol may be delisted'}
$GTT: possibly delisted; no timezone found
Got error from yahoo api for ticker GTXI, Error: {'code': 'Not Found', 'description': 'No data found, symbol may be delisted'}
$GTXI: possibly delisted; no timezone found
Got error from yahoo api for ticker GTYH, Error: {'code': 'Not Found', 'description': 'No data found, symbol may be delisted'}
$GTYH: possibly delisted; no timezone found
Got error from yahoo api for ticker GTYHU, Error: {'code': 'Not Found', 'description': 'No data found, symbol may be delisted'}
$GTYHU: possibly delisted; no timezone found
Got error from yahoo api for ticker GTYHW, Error: {'code': 'Not Found', 'description': 'No data found, symbol may be delisted'}
$GTYHW: possibly delisted; no timezone found
$GULF: possibly delisted; no price data found  (1d 2020-06-12 -> 2026-08-23)
Got error from yahoo api for ticker GUT_A, Error: {'code': 'Not Found', 'description': 'No data found, symbol may be delisted'}
$GUT_A: possibly delisted; no timezone found
Got error from yahoo api for ticker GUT_C, Error: {'code': 'Not Found', 'description': 'No data found, symbol may be delisted'}
$GUT_C: possibly delisted; no timezone found
Got error from yahoo api for ticker GVP, Error: {'code': 'Not Found', 'description': 'No data found, symbol may be delisted'}
$GVP: possibly delisted; no timezone found
Got error from yahoo api for ticker GWB, Error: {'code': 'Not Found', 'description': 'No data found, symbol may be delisted'}
$GWB: possibly delisted; no timezone found
Got error from yahoo api for ticker GWGH, Error: {'code': 'Not Found', 'description': 'No data found, symbol may be delisted'}
$GWGH: possibly delisted; no timezone found
Got error from yahoo api for ticker GWPH, Error: {'code': 'Not Found', 'description': 'No data found, symbol may be delisted'}
$GWPH: possibly delisted; no timezone found
Got error from yahoo api for ticker GWR, Error: {'code': 'Not Found', 'description': 'No data found, symbol may be delisted'}
$GWR: possibly delisted; no timezone found
$GXP: possibly delisted; no price data found  (1d 2017-11-10 -> 2026-08-23) (Yahoo error = "No data found, symbol may be delisted")
Got error from yahoo api for ticker GYB, Error: {'code': 'Not Found', 'description': 'No data found, symbol may be delisted'}
$GYB: possibly delisted; no timezone found
Got error from yahoo api for ticker GZT, Error: {'code': 'Not Found', 'description': 'No data found, symbol may be delisted'}
$GZT: possibly delisted; no timezone found
Got error from yahoo api for ticker HA, Error: {'code': 'Not Found', 'description': 'No data found, symbol may be delisted'}
$HA: possibly delisted; no timezone found
Got error from yahoo api for ticker HABT, Error: {'code': 'Not Found', 'description': 'No data found, symbol may be delisted'}
$HABT: possibly delisted; no timezone found
$HAHA: possibly delisted; no price data found  (1d 2024-04-25 -> 2026-08-23)
Got error from yahoo api for ticker HAIR, Error: {'code': 'Not Found', 'description': 'No data found, symbol may be delisted'}
$HAIR: possibly delisted; no timezone found
$HAUD: possibly delisted; no price data found  (1d 2020-08-20 -> 2026-08-23)
Got error from yahoo api for ticker HAYN, Error: {'code': 'Not Found', 'description': 'No data found, symbol may be delisted'}
$HAYN: possibly delisted; no timezone found
Got error from yahoo api for ticker HBANN, Error: {'code': 'Not Found', 'description': 'No data found, symbol may be delisted'}
$HBANN: possibly delisted; no timezone found
Got error from yahoo api for ticker HBANO, Error: {'code': 'Not Found', 'description': 'No data found, symbol may be delisted'}
$HBANO: possibly delisted; no timezone found
$HBHC: possibly delisted; no price data found  (1d 2017-11-10 -> 2026-08-23)
Got error from yahoo api for ticker HBHCL, Error: {'code': 'Not Found', 'description': 'No data found, symbol may be delisted'}
$HBHCL: possibly delisted; no timezone found
Got error from yahoo api for ticker HBI, Error: {'code': 'Not Found', 'description': 'No data found, symbol may be delisted'}
$HBI: possibly delisted; no timezone found
Got error from yahoo api for ticker HBK, Error: {'code': 'Not Found', 'description': 'No data found, symbol may be delisted'}
$HBK: possibly delisted; no timezone found
Got error from yahoo api for ticker HBM-WS, Error: {'code': 'Not Found', 'description': 'No data found, symbol may be delisted'}
$HBM-WS: possibly delisted; no timezone found
Got error from yahoo api for ticker HBMD, Error: {'code': 'Not Found', 'description': 'No data found, symbol may be delisted'}
$HBMD: possibly delisted; no timezone found
Got error from yahoo api for ticker HBP, Error: {'code': 'Not Found', 'description': 'No data found, symbol may be delisted'}
$HBP: possibly delisted; no timezone found
Got error from yahoo api for ticker HCAC-U, Error: {'code': 'Not Found', 'description': 'No data found, symbol may be delisted'}
$HCAC-U: possibly delisted; no timezone found
Got error from yahoo api for ticker HCAC-WS, Error: {'code': 'Not Found', 'description': 'No data found, symbol may be delisted'}
$HCAC-WS: possibly delisted; no timezone found
Got error from yahoo api for ticker HCAP, Error: {'code': 'Not Found', 'description': 'No data found, symbol may be delisted'}
$HCAP: possibly delisted; no timezone found
Got error from yahoo api for ticker HCAPZ, Error: {'code': 'Not Found', 'description': 'No data found, symbol may be delisted'}
$HCAPZ: possibly delisted; no timezone found
Got error from yahoo api for ticker HCCI, Error: {'code': 'Not Found', 'description': 'No data found, symbol may be delisted'}
$HCCI: possibly delisted; no timezone found
Got error from yahoo api for ticker HCHC, Error: {'code': 'Not Found', 'description': 'No data found, symbol may be delisted'}
$HCHC: possibly delisted; no timezone found
$HCLP: possibly delisted; no price data found  (1d 2017-11-10 -> 2026-08-23)
$HCN: possibly delisted; no price data found  (1d 2017-11-10 -> 2026-08-23)
Got error from yahoo api for ticker HCN_I, Error: {'code': 'Not Found', 'description': 'No data found, symbol may be delisted'}
$HCN_I: possibly delisted; no timezone found
Got error from yahoo api for ticker HCP, Error: {'code': 'Not Found', 'description': 'No data found, symbol may be delisted'}
$HCP: possibly delisted; no timezone found
$HDAW: possibly delisted; no price data found  (1d 2024-08-02 -> 2026-08-23)
$HDNG: possibly delisted; no price data found  (1d 2017-11-10 -> 2026-08-23)
$HDP: possibly delisted; no price data found  (1d 2017-11-10 -> 2026-08-23)
Got error from yahoo api for ticker HDS, Error: {'code': 'Not Found', 'description': 'No data found, symbol may be delisted'}
$HDS: possibly delisted; no timezone found
Got error from yahoo api for ticker HEAR, Error: {'code': 'Not Found', 'description': 'No data found, symbol may be delisted'}
$HEAR: possibly delisted; no timezone found
Got error from yahoo api for ticker HEB, Error: {'code': 'Not Found', 'description': 'No data found, symbol may be delisted'}
$HEB: possibly delisted; no timezone found
Got error from yahoo api for ticker HEBT, Error: {'code': 'Not Found', 'description': 'No data found, symbol may be delisted'}
$HEBT: possibly delisted; no timezone found
Got error from yahoo api for ticker HEES, Error: {'code': 'Not Found', 'description': 'No data found, symbol may be delisted'}
$HEES: possibly delisted; no timezone found
Got error from yahoo api for ticker HEP, Error: {'code': 'Not Found', 'description': 'No data found, symbol may be delisted'}
$HEP: possibly delisted; no timezone found
Got error from yahoo api for ticker HES, Error: {'code': 'Not Found', 'description': 'No data found, symbol may be delisted'}
$HES: possibly delisted; no timezone found
Got error from yahoo api for ticker HES_A, Error: {'code': 'Not Found', 'description': 'No data found, symbol may be delisted'}
$HES_A: possibly delisted; no timezone found
$HEWC: possibly delisted; no price data found  (1d 2023-11-06 -> 2026-08-23)
$HEWG: possibly delisted; no price data found  (1d 2024-08-15 -> 2026-08-23)
$HEWI: possibly delisted; no price data found  (1d 2020-08-20 -> 2026-08-23)
$HEWL: possibly delisted; no price data found  (1d 2020-08-20 -> 2026-08-23)
$HEWP: possibly delisted; no price data found  (1d 2020-08-20 -> 2026-08-23)
Got error from yahoo api for ticker HE_U, Error: {'code': 'Not Found', 'description': 'No data found, symbol may be delisted'}
$HE_U: possibly delisted; no timezone found
Got error from yahoo api for ticker HFBC, Error: {'code': 'Not Found', 'description': 'No data found, symbol may be delisted'}
$HFBC: possibly delisted; no timezone found
Got error from yahoo api for ticker HFC, Error: {'code': 'Not Found', 'description': 'No data found, symbol may be delisted'}
$HFC: possibly delisted; no timezone found
$HFXE: possibly delisted; no price data found  (1d 2020-08-12 -> 2026-08-23)
$HFXJ: possibly delisted; no price data found  (1d 2020-08-12 -> 2026-08-23)
Got error from yahoo api for ticker HGH, Error: {'code': 'Not Found', 'description': 'No data found, symbol may be delisted'}
$HGH: possibly delisted; no timezone found
Got error from yahoo api for ticker HGSH, Error: {'code': 'Not Found', 'description': 'No data found, symbol may be delisted'}
$HGSH: possibly delisted; no timezone found
$HGT: possibly delisted; no price data found  (1d 2017-11-10 -> 2026-08-23)
Got error from yahoo api for ticker HHC, Error: {'code': 'Not Found', 'description': 'No data found, symbol may be delisted'}
$HHC: possibly delisted; no timezone found
Got error from yahoo api for ticker HI, Error: {'code': 'Not Found', 'description': 'No data found, symbol may be delisted'}
$HI: possibly delisted; no timezone found
Got error from yahoo api for ticker HIBB, Error: {'code': 'Not Found', 'description': 'No data found, symbol may be delisted'}
$HIBB: possibly delisted; no timezone found
Got error from yahoo api for ticker HIE, Error: {'code': 'Not Found', 'description': 'No data found, symbol may be delisted'}
$HIE: possibly delisted; no timezone found
Got error from yahoo api for ticker HIFR, Error: {'code': 'Not Found', 'description': 'No data found, symbol may be delisted'}
$HIFR: possibly delisted; no timezone found
Got error from yahoo api for ticker HIG-WS, Error: {'code': 'Not Found', 'description': 'No data found, symbol may be delisted'}
$HIG-WS: possibly delisted; no timezone found
Got error from yahoo api for ticker HIIQ, Error: {'code': 'Not Found', 'description': 'No data found, symbol may be delisted'}
$HIIQ: possibly delisted; no timezone found
Got error from yahoo api for ticker HIL, Error: {'code': 'Not Found', 'description': 'No data found, symbol may be delisted'}
$HIL: possibly delisted; no timezone found
Got error from yahoo api for ticker HJV, Error: {'code': 'Not Found', 'description': 'No data found, symbol may be delisted'}
$HJV: possibly delisted; no timezone found
Got error from yahoo api for ticker HK, Error: {'code': 'Not Found', 'description': 'No data found, symbol may be delisted'}
$HK: possibly delisted; no timezone found
Got error from yahoo api for ticker HK-WS, Error: {'code': 'Not Found', 'description': 'No data found, symbol may be delisted'}
$HK-WS: possibly delisted; no timezone found
Got error from yahoo api for ticker HLG, Error: {'code': 'Not Found', 'description': 'No data found, symbol may be delisted'}
$HLG: possibly delisted; no timezone found
Got error from yahoo api for ticker HLM_, Error: {'code': 'Not Found', 'description': 'No data found, symbol may be delisted'}
$HLM_: possibly delisted; no timezone found
$HLS: possibly delisted; no price data found  (1d 2017-11-10 -> 2026-08-23)
Got error from yahoo api for ticker HL_B, Error: {'code': 'Not Found', 'description': 'No data found, symbol may be delisted'}
$HL_B: possibly delisted; no timezone found
Got error from yahoo api for ticker HMG, Error: {'code': 'Not Found', 'description': 'No data found, symbol may be delisted'}
$HMG: possibly delisted; no timezone found
Got error from yahoo api for ticker HMHC, Error: {'code': 'Not Found', 'description': 'No data found, symbol may be delisted'}
$HMHC: possibly delisted; no timezone found
Got error from yahoo api for ticker HMLP, Error: {'code': 'Not Found', 'description': 'No data found, symbol may be delisted'}
$HMLP: possibly delisted; no timezone found
Got error from yahoo api for ticker HMLP_A, Error: {'code': 'Not Found', 'description': 'No data found, symbol may be delisted'}
$HMLP_A: possibly delisted; no timezone found
Got error from yahoo api for ticker HMNF, Error: {'code': 'Not Found', 'description': 'No data found, symbol may be delisted'}
$HMNF: possibly delisted; no timezone found
Got error from yahoo api for ticker HMST, Error: {'code': 'Not Found', 'description': 'No data found, symbol may be delisted'}
$HMST: possibly delisted; no timezone found
Got error from yahoo api for ticker HMSY, Error: {'code': 'Not Found', 'description': 'No data found, symbol may be delisted'}
$HMSY: possibly delisted; no timezone found
Got error from yahoo api for ticker HMTA, Error: {'code': 'Not Found', 'description': 'No data found, symbol may be delisted'}
$HMTA: possibly delisted; no timezone found
Got error from yahoo api for ticker HMTV, Error: {'code': 'Not Found', 'description': 'No data found, symbol may be delisted'}
$HMTV: possibly delisted; no timezone found
Got error from yahoo api for ticker HNP, Error: {'code': 'Not Found', 'description': 'No data found, symbol may be delisted'}
$HNP: possibly delisted; no timezone found
Got error from yahoo api for ticker HNW, Error: {'code': 'Not Found', 'description': 'No data found, symbol may be delisted'}
$HNW: possibly delisted; no timezone found
Got error from yahoo api for ticker HOLI, Error: {'code': 'Not Found', 'description': 'No data found, symbol may be delisted'}
$HOLI: possibly delisted; no timezone found
Got error from yahoo api for ticker HOLX, Error: {'code': 'Not Found', 'description': 'No data found, symbol may be delisted'}
$HOLX: possibly delisted; no timezone found
Got error from yahoo api for ticker HOME, Error: {'code': 'Not Found', 'description': 'No data found, symbol may be delisted'}
$HOME: possibly delisted; no timezone found
Got error from yahoo api for ticker HONE, Error: {'code': 'Not Found', 'description': 'No data found, symbol may be delisted'}
$HONE: possibly delisted; no timezone found
Got error from yahoo api for ticker HOS, Error: {'code': 'Not Found', 'description': 'No data found, symbol may be delisted'}
$HOS: possibly delisted; no timezone found
$HOTR: possibly delisted; no price data found  (1d 2017-11-10 -> 2026-08-23)
Got error from yahoo api for ticker HPJ, Error: {'code': 'Not Found', 'description': 'No data found, symbol may be delisted'}
$HPJ: possibly delisted; no timezone found
Got error from yahoo api for ticker HPT, Error: {'code': 'Not Found', 'description': 'No data found, symbol may be delisted'}
$HPT: possibly delisted; no timezone found
$HQCL: possibly delisted; no price data found  (1d 2019-01-16 -> 2026-08-23)
Got error from yahoo api for ticker HRC, Error: {'code': 'Not Found', 'description': 'No data found, symbol may be delisted'}
$HRC: possibly delisted; no timezone found
Got error from yahoo api for ticker HRG, Error: {'code': 'Not Found', 'description': 'No data found, symbol may be delisted'}
$HRG: possibly delisted; no timezone found
Got error from yahoo api for ticker HRS, Error: {'code': 'Not Found', 'description': 'No data found, symbol may be delisted'}
$HRS: possibly delisted; no timezone found
Got error from yahoo api for ticker HSBC_A, Error: {'code': 'Not Found', 'description': 'No data found, symbol may be delisted'}
$HSBC_A: possibly delisted; no timezone found
Got error from yahoo api for ticker HSC, Error: {'code': 'Not Found', 'description': 'No data found, symbol may be delisted'}
$HSC: possibly delisted; no timezone found
$HSEA: possibly delisted; no price data found  (1d 2017-11-10 -> 2026-08-23)
$HSEB: possibly delisted; no price data found  (1d 2026-07-17 -> 2026-08-23)
Got error from yahoo api for ticker HSGX, Error: {'code': 'Not Found', 'description': 'No data found, symbol may be delisted'}
$HSGX: possibly delisted; no timezone found
Got error from yahoo api for ticker HSII, Error: {'code': 'Not Found', 'description': 'No data found, symbol may be delisted'}
$HSII: possibly delisted; no timezone found
Got error from yahoo api for ticker HSKA, Error: {'code': 'Not Found', 'description': 'No data found, symbol may be delisted'}
$HSKA: possibly delisted; no timezone found
$HSNI: possibly delisted; no price data found  (1d 2017-11-10 -> 2026-08-23)
Got error from yahoo api for ticker HSON, Error: {'code': 'Not Found', 'description': 'No data found, symbol may be delisted'}
$HSON: possibly delisted; no timezone found
Got error from yahoo api for ticker HT, Error: {'code': 'Not Found', 'description': 'No data found, symbol may be delisted'}
$HT: possibly delisted; no timezone found
Got error from yahoo api for ticker HTA, Error: {'code': 'Not Found', 'description': 'No data found, symbol may be delisted'}
$HTA: possibly delisted; no timezone found
Got error from yahoo api for ticker HTBI, Error: {'code': 'Not Found', 'description': 'No data found, symbol may be delisted'}
$HTBI: possibly delisted; no timezone found
Got error from yahoo api for ticker HTBK, Error: {'code': 'Not Found', 'description': 'No data found, symbol may be delisted'}
$HTBK: possibly delisted; no timezone found
Got error from yahoo api for ticker HTBX, Error: {'code': 'Not Found', 'description': 'No data found, symbol may be delisted'}
$HTBX: possibly delisted; no timezone found
Got error from yahoo api for ticker HTF-CL, Error: {'code': 'Not Found', 'description': 'No data found, symbol may be delisted'}
$HTF-CL: possibly delisted; no timezone found
Got error from yahoo api for ticker HTGM, Error: {'code': 'Not Found', 'description': 'No data found, symbol may be delisted'}
$HTGM: possibly delisted; no timezone found
Got error from yahoo api for ticker HTGX, Error: {'code': 'Not Found', 'description': 'No data found, symbol may be delisted'}
$HTGX: possibly delisted; no timezone found
Got error from yahoo api for ticker HTLF, Error: {'code': 'Not Found', 'description': 'No data found, symbol may be delisted'}
$HTLF: possibly delisted; no timezone found
$HTM: possibly delisted; no price data found  (1d 2018-04-23 -> 2026-08-23)
Got error from yahoo api for ticker HTY, Error: {'code': 'Not Found', 'description': 'No data found, symbol may be delisted'}
$HTY: possibly delisted; no timezone found
Got error from yahoo api for ticker HT_C, Error: {'code': 'Not Found', 'description': 'No data found, symbol may be delisted'}
$HT_C: possibly delisted; no timezone found
Got error from yahoo api for ticker HT_D, Error: {'code': 'Not Found', 'description': 'No data found, symbol may be delisted'}
$HT_D: possibly delisted; no timezone found
Got error from yahoo api for ticker HT_E, Error: {'code': 'Not Found', 'description': 'No data found, symbol may be delisted'}
$HT_E: possibly delisted; no timezone found
Got error from yahoo api for ticker HUNT, Error: {'code': 'Not Found', 'description': 'No data found, symbol may be delisted'}
$HUNT: possibly delisted; no timezone found
Got error from yahoo api for ticker HUNTU, Error: {'code': 'Not Found', 'description': 'No data found, symbol may be delisted'}
$HUNTU: possibly delisted; no timezone found
Got error from yahoo api for ticker HUNTW, Error: {'code': 'Not Found', 'description': 'No data found, symbol may be delisted'}
$HUNTW: possibly delisted; no timezone found
Got error from yahoo api for ticker HUSA, Error: {'code': 'Not Found', 'description': 'No data found, symbol may be delisted'}
$HUSA: possibly delisted; no timezone found
Got error from yahoo api for ticker HVBC, Error: {'code': 'Not Found', 'description': 'No data found, symbol may be delisted'}
$HVBC: possibly delisted; no timezone found
Got error from yahoo api for ticker HWCC, Error: {'code': 'Not Found', 'description': 'No data found, symbol may be delisted'}
$HWCC: possibly delisted; no timezone found
Got error from yahoo api for ticker HX, Error: {'code': 'Not Found', 'description': 'No data found, symbol may be delisted'}
$HX: possibly delisted; no timezone found
Got error from yahoo api for ticker HYACU, Error: {'code': 'Not Found', 'description': 'No data found, symbol may be delisted'}
$HYACU: possibly delisted; no timezone found
Got error from yahoo api for ticker HYB, Error: {'code': 'Not Found', 'description': 'No data found, symbol may be delisted'}
$HYB: possibly delisted; no timezone found
Got error from yahoo api for ticker HYGS, Error: {'code': 'Not Found', 'description': 'No data found, symbol may be delisted'}
$HYGS: possibly delisted; no timezone found
$HYH: possibly delisted; no price data found  (1d 2017-11-10 -> 2026-08-23)
$HYLD: possibly delisted; no price data found  (1d 2023-08-28 -> 2026-08-23)
$HYXU: possibly delisted; no price data found  (1d 2017-11-10 -> 2026-08-23)
Got error from yahoo api for ticker HZN, Error: {'code': 'Not Found', 'description': 'No data found, symbol may be delisted'}
$HZN: possibly delisted; no timezone found
Got error from yahoo api for ticker HZNP, Error: {'code': 'Not Found', 'description': 'No data found, symbol may be delisted'}
$HZNP: possibly delisted; no timezone found
Got error from yahoo api for ticker I, Error: {'code': 'Not Found', 'description': 'No data found, symbol may be delisted'}
$I: possibly delisted; no timezone found
Got error from yahoo api for ticker IAC, Error: {'code': 'Not Found', 'description': 'No data found, symbol may be delisted'}
$IAC: possibly delisted; no timezone found
$IAM: possibly delisted; no price data found  (1d 2017-11-08 -> 2026-08-23)
Got error from yahoo api for ticker IAMXR, Error: {'code': 'Not Found', 'description': 'No data found, symbol may be delisted'}
$IAMXR: possibly delisted; no timezone found
Got error from yahoo api for ticker IAMXW, Error: {'code': 'Not Found', 'description': 'No data found, symbol may be delisted'}
$IAMXW: possibly delisted; no timezone found
Got error from yahoo api for ticker IBA, Error: {'code': 'Not Found', 'description': 'No data found, symbol may be delisted'}
$IBA: possibly delisted; no timezone found
$IBCC: possibly delisted; no price data found  (1d 2017-11-10 -> 2026-08-23)
Got error from yahoo api for ticker IBKC, Error: {'code': 'Not Found', 'description': 'No data found, symbol may be delisted'}
$IBKC: possibly delisted; no timezone found
Got error from yahoo api for ticker IBKCO, Error: {'code': 'Not Found', 'description': 'No data found, symbol may be delisted'}
$IBKCO: possibly delisted; no timezone found
Got error from yahoo api for ticker IBKCP, Error: {'code': 'Not Found', 'description': 'No data found, symbol may be delisted'}
$IBKCP: possibly delisted; no timezone found
$IBMI: possibly delisted; no price data found  (1d 2020-09-04 -> 2026-08-23)
$IBMK: possibly delisted; no price data found  (1d 2022-12-12 -> 2026-08-23)
Got error from yahoo api for ticker IBTX, Error: {'code': 'Not Found', 'description': 'No data found, symbol may be delisted'}
$IBTX: possibly delisted; no timezone found
Got error from yahoo api for ticker ICAD, Error: {'code': 'Not Found', 'description': 'No data found, symbol may be delisted'}
$ICAD: possibly delisted; no timezone found
$ICB: possibly delisted; no price data found  (1d 2017-11-10 -> 2026-08-23)
Got error from yahoo api for ticker ICBK, Error: {'code': 'Not Found', 'description': 'No data found, symbol may be delisted'}
$ICBK: possibly delisted; no timezone found
Got error from yahoo api for ticker ICCH, Error: {'code': 'Not Found', 'description': 'No data found, symbol may be delisted'}
$ICCH: possibly delisted; no timezone found
Got error from yahoo api for ticker ICD, Error: {'code': 'Not Found', 'description': 'No data found, symbol may be delisted'}
$ICD: possibly delisted; no timezone found
$ICI: possibly delisted; no price data found  (1d 2017-11-02 -> 2026-08-23)
$ICOL: possibly delisted; no price data found  (1d 2022-08-29 -> 2026-08-23)
Got error from yahoo api for ticker ICPT, Error: {'code': 'Not Found', 'description': 'No data found, symbol may be delisted'}
$ICPT: possibly delisted; no timezone found
$IDHD: possibly delisted; no price data found  (1d 2023-04-06 -> 2026-08-23)
Got error from yahoo api for ticker IDRA, Error: {'code': 'Not Found', 'description': 'No data found, symbol may be delisted'}
$IDRA: possibly delisted; no timezone found
Got error from yahoo api for ticker IDSA, Error: {'code': 'Not Found', 'description': 'No data found, symbol may be delisted'}
$IDSA: possibly delisted; no timezone found
Got error from yahoo api for ticker IDSY, Error: {'code': 'Not Found', 'description': 'No data found, symbol may be delisted'}
$IDSY: possibly delisted; no timezone found
Got error from yahoo api for ticker IDTI, Error: {'code': 'Not Found', 'description': 'No data found, symbol may be delisted'}
$IDTI: possibly delisted; no timezone found
Got error from yahoo api for ticker IEC, Error: {'code': 'Not Found', 'description': 'No data found, symbol may be delisted'}
$IEC: possibly delisted; no timezone found
$IF: possibly delisted; no price data found  (1d 2017-11-10 -> 2026-08-23)
$IFIX: possibly delisted; no price data found  (1d 2019-11-27 -> 2026-08-23)
$IFLY: possibly delisted; no price data found  (1d 2024-02-16 -> 2026-08-23)
$IFON: possibly delisted; no price data found  (1d 2017-11-10 -> 2026-08-23)
$IGN: possibly delisted; no price data found  (1d 2026-07-17 -> 2026-08-23) (Yahoo error = "No data found, symbol may be delisted")
Got error from yahoo api for ticker IGT, Error: {'code': 'Not Found', 'description': 'No data found, symbol may be delisted'}
$IGT: possibly delisted; no timezone found
Got error from yahoo api for ticker IGZ, Error: {'code': 'Not Found', 'description': 'No data found, symbol may be delisted'}
$IGZ: possibly delisted; no timezone found
Got error from yahoo api for ticker IHC, Error: {'code': 'Not Found', 'description': 'No data found, symbol may be delisted'}
$IHC: possibly delisted; no timezone found
Got error from yahoo api for ticker IHIT, Error: {'code': 'Not Found', 'description': 'No data found, symbol may be delisted'}
$IHIT: possibly delisted; no timezone found
Got error from yahoo api for ticker IID, Error: {'code': 'Not Found', 'description': 'No data found, symbol may be delisted'}
$IID: possibly delisted; no timezone found
Got error from yahoo api for ticker IIJI, Error: {'code': 'Not Found', 'description': 'No data found, symbol may be delisted'}
$IIJI: possibly delisted; no timezone found
Got error from yahoo api for ticker IIN, Error: {'code': 'Not Found', 'description': 'No data found, symbol may be delisted'}
$IIN: possibly delisted; no timezone found
Got error from yahoo api for ticker IIPR_A, Error: {'code': 'Not Found', 'description': 'No data found, symbol may be delisted'}
$IIPR_A: possibly delisted; no timezone found
Got error from yahoo api for ticker IIVI, Error: {'code': 'Not Found', 'description': 'No data found, symbol may be delisted'}
$IIVI: possibly delisted; no timezone found
Got error from yahoo api for ticker IKNX, Error: {'code': 'Not Found', 'description': 'No data found, symbol may be delisted'}
$IKNX: possibly delisted; no timezone found
$ILG: possibly delisted; no price data found  (1d 2018-09-05 -> 2026-08-23)
Got error from yahoo api for ticker IMDZ, Error: {'code': 'Not Found', 'description': 'No data found, symbol may be delisted'}
$IMDZ: possibly delisted; no timezone found
Got error from yahoo api for ticker IMGN, Error: {'code': 'Not Found', 'description': 'No data found, symbol may be delisted'}
$IMGN: possibly delisted; no timezone found
Got error from yahoo api for ticker IMH, Error: {'code': 'Not Found', 'description': 'No data found, symbol may be delisted'}
$IMH: possibly delisted; no timezone found
Got error from yahoo api for ticker IMI, Error: {'code': 'Not Found', 'description': 'No data found, symbol may be delisted'}
$IMI: possibly delisted; no timezone found
Got error from yahoo api for ticker IMMU, Error: {'code': 'Not Found', 'description': 'No data found, symbol may be delisted'}
$IMMU: possibly delisted; no timezone found
$IMMY: possibly delisted; no price data found  (1d 2017-11-10 -> 2026-08-23)
Got error from yahoo api for ticker IMNP, Error: {'code': 'Not Found', 'description': 'No data found, symbol may be delisted'}
$IMNP: possibly delisted; no timezone found
$IMPV: possibly delisted; no price data found  (1d 2017-11-10 -> 2026-08-23)
Got error from yahoo api for ticker IMRNW, Error: {'code': 'Not Found', 'description': 'No data found, symbol may be delisted'}
$IMRNW: possibly delisted; no timezone found
Got error from yahoo api for ticker IMUC-WS, Error: {'code': 'Not Found', 'description': 'No data found, symbol may be delisted'}
$IMUC-WS: possibly delisted; no timezone found
Got error from yahoo api for ticker INAP, Error: {'code': 'Not Found', 'description': 'No data found, symbol may be delisted'}
$INAP: possibly delisted; no timezone found
Got error from yahoo api for ticker INB, Error: {'code': 'Not Found', 'description': 'No data found, symbol may be delisted'}
$INB: possibly delisted; no timezone found
Got error from yahoo api for ticker INBKL, Error: {'code': 'Not Found', 'description': 'No data found, symbol may be delisted'}
$INBKL: possibly delisted; no timezone found
$INDF: possibly delisted; no price data found  (1d 2017-11-10 -> 2026-08-23)
$INDU: possibly delisted; no price data found  (1d 2017-11-10 -> 2026-08-23)
$INDUU: possibly delisted; no price data found  (1d 2017-11-10 -> 2026-08-23)
Got error from yahoo api for ticker INDUW, Error: {'code': 'Not Found', 'description': 'No data found, symbol may be delisted'}
$INDUW: possibly delisted; no timezone found
Got error from yahoo api for ticker INF, Error: {'code': 'Not Found', 'description': 'No data found, symbol may be delisted'}
$INF: possibly delisted; no timezone found
Got error from yahoo api for ticker INFI, Error: {'code': 'Not Found', 'description': 'No data found, symbol may be delisted'}
$INFI: possibly delisted; no timezone found
Got error from yahoo api for ticker INFN, Error: {'code': 'Not Found', 'description': 'No data found, symbol may be delisted'}
$INFN: possibly delisted; no timezone found
Got error from yahoo api for ticker INN_B, Error: {'code': 'Not Found', 'description': 'No data found, symbol may be delisted'}
$INN_B: possibly delisted; no timezone found
Got error from yahoo api for ticker INN_B-CL, Error: {'code': 'Not Found', 'description': 'No data found, symbol may be delisted'}
$INN_B-CL: possibly delisted; no timezone found
Got error from yahoo api for ticker INN_C, Error: {'code': 'Not Found', 'description': 'No data found, symbol may be delisted'}
$INN_C: possibly delisted; no timezone found
Got error from yahoo api for ticker INN_D, Error: {'code': 'Not Found', 'description': 'No data found, symbol may be delisted'}
$INN_D: possibly delisted; no timezone found
$INP: possibly delisted; no price data found  (1d 2017-11-10 -> 2026-08-23) (Yahoo error = "No data found, symbol may be delisted")
Got error from yahoo api for ticker INPX, Error: {'code': 'Not Found', 'description': 'No data found, symbol may be delisted'}
$INPX: possibly delisted; no timezone found
Got error from yahoo api for ticker INS, Error: {'code': 'Not Found', 'description': 'No data found, symbol may be delisted'}
$INS: possibly delisted; no timezone found
Got error from yahoo api for ticker INSI, Error: {'code': 'Not Found', 'description': 'No data found, symbol may be delisted'}
$INSI: possibly delisted; no timezone found
Got error from yahoo api for ticker INST, Error: {'code': 'Not Found', 'description': 'No data found, symbol may be delisted'}
$INST: possibly delisted; no timezone found
Got error from yahoo api for ticker INSY, Error: {'code': 'Not Found', 'description': 'No data found, symbol may be delisted'}
$INSY: possibly delisted; no timezone found
$INTX: possibly delisted; no price data found  (1d 2017-11-10 -> 2026-08-23)
Got error from yahoo api for ticker INWK, Error: {'code': 'Not Found', 'description': 'No data found, symbol may be delisted'}
$INWK: possibly delisted; no timezone found
Got error from yahoo api for ticker INXN, Error: {'code': 'Not Found', 'description': 'No data found, symbol may be delisted'}
$INXN: possibly delisted; no timezone found
Got error from yahoo api for ticker IO, Error: {'code': 'Not Found', 'description': 'No data found, symbol may be delisted'}
$IO: possibly delisted; no timezone found
Got error from yahoo api for ticker IOTS, Error: {'code': 'Not Found', 'description': 'No data found, symbol may be delisted'}
$IOTS: possibly delisted; no timezone found
$IPAS: possibly delisted; no price data found  (1d 2019-02-13 -> 2026-08-23)
$IPCC: possibly delisted; no price data found  (1d 2017-11-10 -> 2026-08-23)
Got error from yahoo api for ticker IPCI, Error: {'code': 'Not Found', 'description': 'No data found, symbol may be delisted'}
$IPCI: possibly delisted; no timezone found
$IPE: possibly delisted; no price data found  (1d 2019-09-20 -> 2026-08-23) (Yahoo error = "No data found, symbol may be delisted")
$IPFF: possibly delisted; no price data found  (1d 2021-08-30 -> 2026-08-23)
Got error from yahoo api for ticker IPG, Error: {'code': 'Not Found', 'description': 'No data found, symbol may be delisted'}
$IPG: possibly delisted; no timezone found
Got error from yahoo api for ticker IPHI, Error: {'code': 'Not Found', 'description': 'No data found, symbol may be delisted'}
$IPHI: possibly delisted; no timezone found
Got error from yahoo api for ticker IPHS, Error: {'code': 'Not Found', 'description': 'No data found, symbol may be delisted'}
$IPHS: possibly delisted; no timezone found
Got error from yahoo api for ticker IPL_D, Error: {'code': 'Not Found', 'description': 'No data found, symbol may be delisted'}
$IPL_D: possibly delisted; no timezone found
Got error from yahoo api for ticker IPOA, Error: {'code': 'Not Found', 'description': 'No data found, symbol may be delisted'}
$IPOA: possibly delisted; no timezone found
Got error from yahoo api for ticker IPOA-U, Error: {'code': 'Not Found', 'description': 'No data found, symbol may be delisted'}
$IPOA-U: possibly delisted; no timezone found
Got error from yahoo api for ticker IPOA-WS, Error: {'code': 'Not Found', 'description': 'No data found, symbol may be delisted'}
$IPOA-WS: possibly delisted; no timezone found
$IPXL: possibly delisted; no price data found  (1d 2018-05-04 -> 2026-08-23)
Got error from yahoo api for ticker IRBT, Error: {'code': 'Not Found', 'description': 'No data found, symbol may be delisted'}
$IRBT: possibly delisted; no timezone found
Got error from yahoo api for ticker IRCP, Error: {'code': 'Not Found', 'description': 'No data found, symbol may be delisted'}
$IRCP: possibly delisted; no timezone found
Got error from yahoo api for ticker IRDMB, Error: {'code': 'Not Found', 'description': 'No data found, symbol may be delisted'}
$IRDMB: possibly delisted; no timezone found
Got error from yahoo api for ticker IRET_B-CL, Error: {'code': 'Not Found', 'description': 'No data found, symbol may be delisted'}
$IRET_B-CL: possibly delisted; no timezone found
Got error from yahoo api for ticker IRET_C, Error: {'code': 'Not Found', 'description': 'No data found, symbol may be delisted'}
$IRET_C: possibly delisted; no timezone found
Got error from yahoo api for ticker IRL, Error: {'code': 'Not Found', 'description': 'No data found, symbol may be delisted'}
$IRL: possibly delisted; no timezone found
Got error from yahoo api for ticker IRLR, Error: {'code': 'Not Found', 'description': 'No data found, symbol may be delisted'}
$IRLR: possibly delisted; no timezone found
Got error from yahoo api for ticker IROQ, Error: {'code': 'Not Found', 'description': 'No data found, symbol may be delisted'}
$IROQ: possibly delisted; no timezone found
Got error from yahoo api for ticker IRR, Error: {'code': 'Not Found', 'description': 'No data found, symbol may be delisted'}
$IRR: possibly delisted; no timezone found
Got error from yahoo api for ticker ISBC, Error: {'code': 'Not Found', 'description': 'No data found, symbol may be delisted'}
$ISBC: possibly delisted; no timezone found
Got error from yahoo api for ticker ISCA, Error: {'code': 'Not Found', 'description': 'No data found, symbol may be delisted'}
$ISCA: possibly delisted; no timezone found
Got error from yahoo api for ticker ISDR, Error: {'code': 'Not Found', 'description': 'No data found, symbol may be delisted'}
$ISDR: possibly delisted; no timezone found
Got error from yahoo api for ticker ISF, Error: {'code': 'Not Found', 'description': 'No data found, symbol may be delisted'}
$ISF: possibly delisted; no timezone found
Got error from yahoo api for ticker ISG, Error: {'code': 'Not Found', 'description': 'No data found, symbol may be delisted'}
$ISG: possibly delisted; no timezone found
Got error from yahoo api for ticker ISIG, Error: {'code': 'Not Found', 'description': 'No data found, symbol may be delisted'}
$ISIG: possibly delisted; no timezone found
Got error from yahoo api for ticker ISL, Error: {'code': 'Not Found', 'description': 'No data found, symbol may be delisted'}
$ISL: possibly delisted; no timezone found
Got error from yahoo api for ticker ISM, Error: {'code': 'Not Found', 'description': 'No data found, symbol may be delisted'}
$ISM: possibly delisted; no timezone found
Got error from yahoo api for ticker ISNS, Error: {'code': 'Not Found', 'description': 'No data found, symbol may be delisted'}
$ISNS: possibly delisted; no timezone found
Got error from yahoo api for ticker ISP-CL, Error: {'code': 'Not Found', 'description': 'No data found, symbol may be delisted'}
$ISP-CL: possibly delisted; no timezone found
Got error from yahoo api for ticker ISR, Error: {'code': 'Not Found', 'description': 'No data found, symbol may be delisted'}
$ISR: possibly delisted; no timezone found
Got error from yahoo api for ticker ISRL, Error: {'code': 'Not Found', 'description': 'No data found, symbol may be delisted'}
$ISRL: possibly delisted; no timezone found
Got error from yahoo api for ticker ITCB, Error: {'code': 'Not Found', 'description': 'No data found, symbol may be delisted'}
$ITCB: possibly delisted; no timezone found
Got error from yahoo api for ticker ITCI, Error: {'code': 'Not Found', 'description': 'No data found, symbol may be delisted'}
$ITCI: possibly delisted; no timezone found
$ITE: possibly delisted; no price data found  (1d 2026-08-14 -> 2026-08-23) (Yahoo error = "No data found, symbol may be delisted")
$ITEK: possibly delisted; no price data found  (1d 2017-11-10 -> 2026-08-23)
Got error from yahoo api for ticker ITI, Error: {'code': 'Not Found', 'description': 'No data found, symbol may be delisted'}
$ITI: possibly delisted; no timezone found
$ITUS: possibly delisted; no price data found  (1d 2017-11-10 -> 2026-08-23)
Got error from yahoo api for ticker IVAC, Error: {'code': 'Not Found', 'description': 'No data found, symbol may be delisted'}
$IVAC: possibly delisted; no timezone found
Got error from yahoo api for ticker IVC, Error: {'code': 'Not Found', 'description': 'No data found, symbol may be delisted'}
$IVC: possibly delisted; no timezone found
Got error from yahoo api for ticker IVH, Error: {'code': 'Not Found', 'description': 'No data found, symbol may be delisted'}
$IVH: possibly delisted; no timezone found
Got error from yahoo api for ticker IVR_A, Error: {'code': 'Not Found', 'description': 'No data found, symbol may be delisted'}
$IVR_A: possibly delisted; no timezone found
Got error from yahoo api for ticker IVR_B, Error: {'code': 'Not Found', 'description': 'No data found, symbol may be delisted'}
$IVR_B: possibly delisted; no timezone found
Got error from yahoo api for ticker IVR_C, Error: {'code': 'Not Found', 'description': 'No data found, symbol may be delisted'}
$IVR_C: possibly delisted; no timezone found
$IVTY: possibly delisted; no price data found  (1d 2017-11-10 -> 2026-08-23)
$IXYS: possibly delisted; no price data found  (1d 2017-11-10 -> 2026-08-23)
Got error from yahoo api for ticker JAG, Error: {'code': 'Not Found', 'description': 'No data found, symbol may be delisted'}
$JAG: possibly delisted; no timezone found
Got error from yahoo api for ticker JASN, Error: {'code': 'Not Found', 'description': 'No data found, symbol may be delisted'}
$JASN: possibly delisted; no timezone found
Got error from yahoo api for ticker JASNW, Error: {'code': 'Not Found', 'description': 'No data found, symbol may be delisted'}
$JASNW: possibly delisted; no timezone found
Got error from yahoo api for ticker JASO, Error: {'code': 'Not Found', 'description': 'No data found, symbol may be delisted'}
$JASO: possibly delisted; no timezone found
Got error from yahoo api for ticker JAX, Error: {'code': 'Not Found', 'description': 'No data found, symbol may be delisted'}
$JAX: possibly delisted; no timezone found
Got error from yahoo api for ticker JBN, Error: {'code': 'Not Found', 'description': 'No data found, symbol may be delisted'}
$JBN: possibly delisted; no timezone found
Got error from yahoo api for ticker JBT, Error: {'code': 'Not Found', 'description': 'No data found, symbol may be delisted'}
$JBT: possibly delisted; no timezone found
Got error from yahoo api for ticker JCO, Error: {'code': 'Not Found', 'description': 'No data found, symbol may be delisted'}
$JCO: possibly delisted; no timezone found
Got error from yahoo api for ticker JCOM, Error: {'code': 'Not Found', 'description': 'No data found, symbol may be delisted'}
$JCOM: possibly delisted; no timezone found
Got error from yahoo api for ticker JCP, Error: {'code': 'Not Found', 'description': 'No data found, symbol may be delisted'}
$JCP: possibly delisted; no timezone found
Got error from yahoo api for ticker JCS, Error: {'code': 'Not Found', 'description': 'No data found, symbol may be delisted'}
$JCS: possibly delisted; no timezone found
Got error from yahoo api for ticker JCTCF, Error: {'code': 'Not Found', 'description': 'No data found, symbol may be delisted'}
$JCTCF: possibly delisted; no timezone found
Got error from yahoo api for ticker JDD, Error: {'code': 'Not Found', 'description': 'No data found, symbol may be delisted'}
$JDD: possibly delisted; no timezone found
Got error from yahoo api for ticker JE, Error: {'code': 'Not Found', 'description': 'No data found, symbol may be delisted'}
$JE: possibly delisted; no timezone found
Got error from yahoo api for ticker JEC, Error: {'code': 'Not Found', 'description': 'No data found, symbol may be delisted'}
$JEC: possibly delisted; no timezone found
Got error from yahoo api for ticker JEMD, Error: {'code': 'Not Found', 'description': 'No data found, symbol may be delisted'}
$JEMD: possibly delisted; no timezone found
Got error from yahoo api for ticker JEQ, Error: {'code': 'Not Found', 'description': 'No data found, symbol may be delisted'}
$JEQ: possibly delisted; no timezone found
Got error from yahoo api for ticker JE_A, Error: {'code': 'Not Found', 'description': 'No data found, symbol may be delisted'}
$JE_A: possibly delisted; no timezone found
$JHA: possibly delisted; no price data found  (1d 2018-12-04 -> 2026-08-23)
Got error from yahoo api for ticker JHB, Error: {'code': 'Not Found', 'description': 'No data found, symbol may be delisted'}
$JHB: possibly delisted; no timezone found
Got error from yahoo api for ticker JHD, Error: {'code': 'Not Found', 'description': 'No data found, symbol may be delisted'}
$JHD: possibly delisted; no timezone found
$JHG: possibly delisted; no price data found  (1d 2026-07-02 -> 2026-08-23)
$JHME: possibly delisted; no price data found  (1d 2022-11-04 -> 2026-08-23)
$JHMF: possibly delisted; no price data found  (1d 2022-11-04 -> 2026-08-23)
$JHMH: possibly delisted; no price data found  (1d 2022-11-04 -> 2026-08-23)
$JHMI: possibly delisted; no price data found  (1d 2022-11-04 -> 2026-08-23)
$JHMS: possibly delisted; no price data found  (1d 2022-11-04 -> 2026-08-23)
Got error from yahoo api for ticker JHY, Error: {'code': 'Not Found', 'description': 'No data found, symbol may be delisted'}
$JHY: possibly delisted; no timezone found
$JJC: possibly delisted; no price data found  (1d 2023-07-21 -> 2026-08-23) (Yahoo error = "No data found, symbol may be delisted")
$JJM: possibly delisted; no price data found  (1d 2023-07-21 -> 2026-08-23)
$JJP: possibly delisted; no price data found  (1d 2023-07-21 -> 2026-08-23) (Yahoo error = "No data found, symbol may be delisted")
$JJS: possibly delisted; no price data found  (1d 2023-07-21 -> 2026-08-23) (Yahoo error = "No data found, symbol may be delisted")
Got error from yahoo api for ticker JJU, Error: {'code': 'Not Found', 'description': 'No data found, symbol may be delisted'}
$JJU: possibly delisted; no timezone found
$JKF: possibly delisted; no price data found  (1d 2026-07-17 -> 2026-08-23) (Yahoo error = "No data found, symbol may be delisted")
$JKK: possibly delisted; no price data found  (1d 2026-07-17 -> 2026-08-23) (Yahoo error = "No data found, symbol may be delisted")
$JMBA: possibly delisted; no price data found  (1d 2017-11-10 -> 2026-08-23)
Got error from yahoo api for ticker JMEI, Error: {'code': 'Not Found', 'description': 'No data found, symbol may be delisted'}
$JMEI: possibly delisted; no timezone found
Got error from yahoo api for ticker JMF, Error: {'code': 'Not Found', 'description': 'No data found, symbol may be delisted'}
$JMF: possibly delisted; no timezone found
Got error from yahoo api for ticker JMLP, Error: {'code': 'Not Found', 'description': 'No data found, symbol may be delisted'}
$JMLP: possibly delisted; no timezone found
Got error from yahoo api for ticker JMP, Error: {'code': 'Not Found', 'description': 'No data found, symbol may be delisted'}
$JMP: possibly delisted; no timezone found
Got error from yahoo api for ticker JMPB, Error: {'code': 'Not Found', 'description': 'No data found, symbol may be delisted'}
$JMPB: possibly delisted; no timezone found
Got error from yahoo api for ticker JMPC, Error: {'code': 'Not Found', 'description': 'No data found, symbol may be delisted'}
$JMPC: possibly delisted; no timezone found
Got error from yahoo api for ticker JMT, Error: {'code': 'Not Found', 'description': 'No data found, symbol may be delisted'}
$JMT: possibly delisted; no timezone found
Got error from yahoo api for ticker JMU, Error: {'code': 'Not Found', 'description': 'No data found, symbol may be delisted'}
$JMU: possibly delisted; no timezone found
Got error from yahoo api for ticker JNCE, Error: {'code': 'Not Found', 'description': 'No data found, symbol may be delisted'}
$JNCE: possibly delisted; no timezone found
$JNP: possibly delisted; no price data found  (1d 2017-11-10 -> 2026-08-23)
Got error from yahoo api for ticker JNPR, Error: {'code': 'Not Found', 'description': 'No data found, symbol may be delisted'}
$JNPR: possibly delisted; no timezone found
Got error from yahoo api for ticker JOBS, Error: {'code': 'Not Found', 'description': 'No data found, symbol may be delisted'}
$JOBS: possibly delisted; no timezone found
Got error from yahoo api for ticker JONE, Error: {'code': 'Not Found', 'description': 'No data found, symbol may be delisted'}
$JONE: possibly delisted; no timezone found
Got error from yahoo api for ticker JP, Error: {'code': 'Not Found', 'description': 'No data found, symbol may be delisted'}
$JP: possibly delisted; no timezone found
$JPHF: possibly delisted; no price data found  (1d 2020-06-29 -> 2026-08-23)
Got error from yahoo api for ticker JPI, Error: {'code': 'Not Found', 'description': 'No data found, symbol may be delisted'}
$JPI: possibly delisted; no timezone found
Got error from yahoo api for ticker JPM-WS, Error: {'code': 'Not Found', 'description': 'No data found, symbol may be delisted'}
$JPM-WS: possibly delisted; no timezone found
Got error from yahoo api for ticker JPM_A, Error: {'code': 'Not Found', 'description': 'No data found, symbol may be delisted'}
$JPM_A: possibly delisted; no timezone found
Got error from yahoo api for ticker JPM_B, Error: {'code': 'Not Found', 'description': 'No data found, symbol may be delisted'}
$JPM_B: possibly delisted; no timezone found
Got error from yahoo api for ticker JPM_D, Error: {'code': 'Not Found', 'description': 'No data found, symbol may be delisted'}
$JPM_D: possibly delisted; no timezone found
Got error from yahoo api for ticker JPM_D-CL, Error: {'code': 'Not Found', 'description': 'No data found, symbol may be delisted'}
$JPM_D-CL: possibly delisted; no timezone found
Got error from yahoo api for ticker JPM_E, Error: {'code': 'Not Found', 'description': 'No data found, symbol may be delisted'}
$JPM_E: possibly delisted; no timezone found
Got error from yahoo api for ticker JPM_F, Error: {'code': 'Not Found', 'description': 'No data found, symbol may be delisted'}
$JPM_F: possibly delisted; no timezone found
Got error from yahoo api for ticker JPM_G, Error: {'code': 'Not Found', 'description': 'No data found, symbol may be delisted'}
$JPM_G: possibly delisted; no timezone found
Got error from yahoo api for ticker JPM_H, Error: {'code': 'Not Found', 'description': 'No data found, symbol may be delisted'}
$JPM_H: possibly delisted; no timezone found
$JPNL: possibly delisted; no price data found  (1d 2020-10-23 -> 2026-08-23)
Got error from yahoo api for ticker JPS, Error: {'code': 'Not Found', 'description': 'No data found, symbol may be delisted'}
$JPS: possibly delisted; no timezone found
Got error from yahoo api for ticker JPT, Error: {'code': 'Not Found', 'description': 'No data found, symbol may be delisted'}
$JPT: possibly delisted; no timezone found
Got error from yahoo api for ticker JRJC, Error: {'code': 'Not Found', 'description': 'No data found, symbol may be delisted'}
$JRJC: possibly delisted; no timezone found
$JRJR: possibly delisted; no price data found  (1d 2017-11-10 -> 2026-08-23)
Got error from yahoo api for ticker JRO, Error: {'code': 'Not Found', 'description': 'No data found, symbol may be delisted'}
$JRO: possibly delisted; no timezone found
Got error from yahoo api for ticker JSD, Error: {'code': 'Not Found', 'description': 'No data found, symbol may be delisted'}
$JSD: possibly delisted; no timezone found
Got error from yahoo api for ticker JSYN, Error: {'code': 'Not Found', 'description': 'No data found, symbol may be delisted'}
$JSYN: possibly delisted; no timezone found
Got error from yahoo api for ticker JSYNR, Error: {'code': 'Not Found', 'description': 'No data found, symbol may be delisted'}
$JSYNR: possibly delisted; no timezone found
Got error from yahoo api for ticker JSYNU, Error: {'code': 'Not Found', 'description': 'No data found, symbol may be delisted'}
$JSYNU: possibly delisted; no timezone found
Got error from yahoo api for ticker JSYNW, Error: {'code': 'Not Found', 'description': 'No data found, symbol may be delisted'}
$JSYNW: possibly delisted; no timezone found
Got error from yahoo api for ticker JTA, Error: {'code': 'Not Found', 'description': 'No data found, symbol may be delisted'}
$JTA: possibly delisted; no timezone found
Got error from yahoo api for ticker JTD, Error: {'code': 'Not Found', 'description': 'No data found, symbol may be delisted'}
$JTD: possibly delisted; no timezone found
$JTPY: possibly delisted; no price data found  (1d 2017-11-10 -> 2026-08-23)
$JUNO: possibly delisted; no price data found  (1d 2017-11-10 -> 2026-08-23)
Got error from yahoo api for ticker JW-A, Error: {'code': 'Not Found', 'description': 'No data found, symbol may be delisted'}
$JW-A: possibly delisted; no timezone found
Got error from yahoo api for ticker JW-B, Error: {'code': 'Not Found', 'description': 'No data found, symbol may be delisted'}
$JW-B: possibly delisted; no timezone found
Got error from yahoo api for ticker JWN, Error: {'code': 'Not Found', 'description': 'No data found, symbol may be delisted'}
$JWN: possibly delisted; no timezone found
$JXSB: possibly delisted; no price data found  (1d 2017-11-03 -> 2026-08-23)
Got error from yahoo api for ticker K, Error: {'code': 'Not Found', 'description': 'No data found, symbol may be delisted'}
$K: possibly delisted; no timezone found
Got error from yahoo api for ticker KAAC, Error: {'code': 'Not Found', 'description': 'No data found, symbol may be delisted'}
$KAAC: possibly delisted; no timezone found
Got error from yahoo api for ticker KAACU, Error: {'code': 'Not Found', 'description': 'No data found, symbol may be delisted'}
$KAACU: possibly delisted; no timezone found
Got error from yahoo api for ticker KAACW, Error: {'code': 'Not Found', 'description': 'No data found, symbol may be delisted'}
$KAACW: possibly delisted; no timezone found
Got error from yahoo api for ticker KAMN, Error: {'code': 'Not Found', 'description': 'No data found, symbol may be delisted'}
$KAMN: possibly delisted; no timezone found
$KANG: possibly delisted; no price data found  (1d 2017-11-10 -> 2026-08-23)
$KAP: possibly delisted; no price data found  (1d 2017-11-10 -> 2026-08-23)
Got error from yahoo api for ticker KAR, Error: {'code': 'Not Found', 'description': 'No data found, symbol may be delisted'}
$KAR: possibly delisted; no timezone found
Got error from yahoo api for ticker KBAL, Error: {'code': 'Not Found', 'description': 'No data found, symbol may be delisted'}
$KBAL: possibly delisted; no timezone found
Got error from yahoo api for ticker KBLM, Error: {'code': 'Not Found', 'description': 'No data found, symbol may be delisted'}
$KBLM: possibly delisted; no timezone found
Got error from yahoo api for ticker KBLMR, Error: {'code': 'Not Found', 'description': 'No data found, symbol may be delisted'}
$KBLMR: possibly delisted; no timezone found
Got error from yahoo api for ticker KBLMU, Error: {'code': 'Not Found', 'description': 'No data found, symbol may be delisted'}
$KBLMU: possibly delisted; no timezone found
Got error from yahoo api for ticker KBLMW, Error: {'code': 'Not Found', 'description': 'No data found, symbol may be delisted'}
$KBLMW: possibly delisted; no timezone found
Got error from yahoo api for ticker KBSF, Error: {'code': 'Not Found', 'description': 'No data found, symbol may be delisted'}
$KBSF: possibly delisted; no timezone found
Got error from yahoo api for ticker KCAP, Error: {'code': 'Not Found', 'description': 'No data found, symbol may be delisted'}
$KCAP: possibly delisted; no timezone found
Got error from yahoo api for ticker KCAPL, Error: {'code': 'Not Found', 'description': 'No data found, symbol may be delisted'}
$KCAPL: possibly delisted; no timezone found
Got error from yahoo api for ticker KDMN, Error: {'code': 'Not Found', 'description': 'No data found, symbol may be delisted'}
$KDMN: possibly delisted; no timezone found
$KED: possibly delisted; no price data found  (1d 2018-08-03 -> 2026-08-23)
Got error from yahoo api for ticker KEG, Error: {'code': 'Not Found', 'description': 'No data found, symbol may be delisted'}
$KEG: possibly delisted; no timezone found
$KERX: possibly delisted; no price data found  (1d 2017-11-10 -> 2026-08-23)
$KEYW: possibly delisted; no price data found  (1d 2017-11-10 -> 2026-08-23)
Got error from yahoo api for ticker KEY_I, Error: {'code': 'Not Found', 'description': 'No data found, symbol may be delisted'}
$KEY_I: possibly delisted; no timezone found
Got error from yahoo api for ticker KFN_, Error: {'code': 'Not Found', 'description': 'No data found, symbol may be delisted'}
$KFN_: possibly delisted; no timezone found
$KFS: possibly delisted; no price data found  (1d 2017-11-10 -> 2026-08-23) (Yahoo error = "No data found, symbol may be delisted")
$KFYP: possibly delisted; no price data found  (1d 2023-10-30 -> 2026-08-23)
Got error from yahoo api for ticker KIM_I, Error: {'code': 'Not Found', 'description': 'No data found, symbol may be delisted'}
$KIM_I: possibly delisted; no timezone found
Got error from yahoo api for ticker KIM_J, Error: {'code': 'Not Found', 'description': 'No data found, symbol may be delisted'}
$KIM_J: possibly delisted; no timezone found
Got error from yahoo api for ticker KIM_K, Error: {'code': 'Not Found', 'description': 'No data found, symbol may be delisted'}
$KIM_K: possibly delisted; no timezone found
Got error from yahoo api for ticker KIM_L, Error: {'code': 'Not Found', 'description': 'No data found, symbol may be delisted'}
$KIM_L: possibly delisted; no timezone found
Got error from yahoo api for ticker KIN, Error: {'code': 'Not Found', 'description': 'No data found, symbol may be delisted'}
$KIN: possibly delisted; no timezone found
$KIOR: possibly delisted; no price data found  (1d 2017-11-10 -> 2026-08-23)
Got error from yahoo api for ticker KIORW, Error: {'code': 'Not Found', 'description': 'No data found, symbol may be delisted'}
$KIORW: possibly delisted; no timezone found
Got error from yahoo api for ticker KIQ, Error: {'code': 'Not Found', 'description': 'No data found, symbol may be delisted'}
$KIQ: possibly delisted; no timezone found
Got error from yahoo api for ticker KIRK, Error: {'code': 'Not Found', 'description': 'No data found, symbol may be delisted'}
$KIRK: possibly delisted; no timezone found
Got error from yahoo api for ticker KKR_A, Error: {'code': 'Not Found', 'description': 'No data found, symbol may be delisted'}
$KKR_A: possibly delisted; no timezone found
Got error from yahoo api for ticker KKR_B, Error: {'code': 'Not Found', 'description': 'No data found, symbol may be delisted'}
$KKR_B: possibly delisted; no timezone found
Got error from yahoo api for ticker KL, Error: {'code': 'Not Found', 'description': 'No data found, symbol may be delisted'}
$KL: possibly delisted; no timezone found
$KLDX: possibly delisted; no price data found  (1d 2017-11-10 -> 2026-08-23)
$KLXI: possibly delisted; no price data found  (1d 2017-11-10 -> 2026-08-23)
Got error from yahoo api for ticker KMF, Error: {'code': 'Not Found', 'description': 'No data found, symbol may be delisted'}
$KMF: possibly delisted; no timezone found
$KMG: possibly delisted; no price data found  (1d 2017-11-10 -> 2026-08-23) (Yahoo error = "No data found, symbol may be delisted")
Got error from yahoo api for ticker KMI_A, Error: {'code': 'Not Found', 'description': 'No data found, symbol may be delisted'}
$KMI_A: possibly delisted; no timezone found
$KMM: possibly delisted; no price data found  (1d 2018-11-20 -> 2026-08-23) (Yahoo error = "No data found, symbol may be delisted")
Got error from yahoo api for ticker KMPH, Error: {'code': 'Not Found', 'description': 'No data found, symbol may be delisted'}
$KMPH: possibly delisted; no timezone found
$KND: possibly delisted; no price data found  (1d 2018-06-29 -> 2026-08-23)
Got error from yahoo api for ticker KNL, Error: {'code': 'Not Found', 'description': 'No data found, symbol may be delisted'}
$KNL: possibly delisted; no timezone found
Got error from yahoo api for ticker KODK-WS, Error: {'code': 'Not Found', 'description': 'No data found, symbol may be delisted'}
$KODK-WS: possibly delisted; no timezone found
Got error from yahoo api for ticker KODK-WS-A, Error: {'code': 'Not Found', 'description': 'No data found, symbol may be delisted'}
$KODK-WS-A: possibly delisted; no timezone found
Got error from yahoo api for ticker KOL, Error: {'code': 'Not Found', 'description': 'No data found, symbol may be delisted'}
$KOL: possibly delisted; no timezone found
Got error from yahoo api for ticker KONA, Error: {'code': 'Not Found', 'description': 'No data found, symbol may be delisted'}
$KONA: possibly delisted; no timezone found
$KONE: possibly delisted; no price data found  (1d 2017-11-10 -> 2026-08-23)
$KORS: possibly delisted; no price data found  (1d 2017-11-10 -> 2026-08-23)
Got error from yahoo api for ticker KRA, Error: {'code': 'Not Found', 'description': 'No data found, symbol may be delisted'}
$KRA: possibly delisted; no timezone found
$KS: possibly delisted; no price data found  (1d 2026-08-14 -> 2026-08-23) (Yahoo error = "No data found, symbol may be delisted")
Got error from yahoo api for ticker KSM, Error: {'code': 'Not Found', 'description': 'No data found, symbol may be delisted'}
$KSM: possibly delisted; no timezone found
$KST: possibly delisted; no price data found  (1d 2017-11-10 -> 2026-08-23)
Got error from yahoo api for ticker KSU, Error: {'code': 'Not Found', 'description': 'No data found, symbol may be delisted'}
$KSU: possibly delisted; no timezone found
Got error from yahoo api for ticker KSU_, Error: {'code': 'Not Found', 'description': 'No data found, symbol may be delisted'}
$KSU_: possibly delisted; no timezone found
Got error from yahoo api for ticker KTOV, Error: {'code': 'Not Found', 'description': 'No data found, symbol may be delisted'}
$KTOV: possibly delisted; no timezone found
Got error from yahoo api for ticker KTOVW, Error: {'code': 'Not Found', 'description': 'No data found, symbol may be delisted'}
$KTOVW: possibly delisted; no timezone found
Got error from yahoo api for ticker KTP, Error: {'code': 'Not Found', 'description': 'No data found, symbol may be delisted'}
$KTP: possibly delisted; no timezone found
$KW: possibly delisted; no price data found  (1d 2026-06-15 -> 2026-08-23) (Yahoo error = "No data found, symbol may be delisted")
Got error from yahoo api for ticker KWN, Error: {'code': 'Not Found', 'description': 'No data found, symbol may be delisted'}
$KWN: possibly delisted; no timezone found
Got error from yahoo api for ticker KWN-CL, Error: {'code': 'Not Found', 'description': 'No data found, symbol may be delisted'}
$KWN-CL: possibly delisted; no timezone found
$KYE: possibly delisted; no price data found  (1d 2018-08-03 -> 2026-08-23)
Got error from yahoo api for ticker KYN_F, Error: {'code': 'Not Found', 'description': 'No data found, symbol may be delisted'}
$KYN_F: possibly delisted; no timezone found
$KYO: possibly delisted; no price data found  (1d 2017-11-10 -> 2026-08-23)
Got error from yahoo api for ticker LABL, Error: {'code': 'Not Found', 'description': 'No data found, symbol may be delisted'}
$LABL: possibly delisted; no timezone found
$LANC: possibly delisted; no price data found  (1d 2017-11-10 -> 2026-08-23) (Yahoo error = "No data found, symbol may be delisted")
$LAQ: possibly delisted; no price data found  (1d 2019-03-12 -> 2026-08-23) (Yahoo error = "No data found, symbol may be delisted")
Got error from yahoo api for ticker LAWS, Error: {'code': 'Not Found', 'description': 'No data found, symbol may be delisted'}
$LAWS: possibly delisted; no timezone found
$LAYN: possibly delisted; no price data found  (1d 2017-11-10 -> 2026-08-23)
Got error from yahoo api for ticker LBAI, Error: {'code': 'Not Found', 'description': 'No data found, symbol may be delisted'}
$LBAI: possibly delisted; no timezone found
$LBDC: possibly delisted; no price data found  (1d 2020-05-04 -> 2026-08-23)
$LBIX: possibly delisted; no price data found  (1d 2017-11-10 -> 2026-08-23)
Got error from yahoo api for ticker LBJ, Error: {'code': 'Not Found', 'description': 'No data found, symbol may be delisted'}
$LBJ: possibly delisted; no timezone found
Got error from yahoo api for ticker LBY, Error: {'code': 'Not Found', 'description': 'No data found, symbol may be delisted'}
$LBY: possibly delisted; no timezone found
$LC: possibly delisted; no price data found  (1d 2017-11-10 -> 2026-08-23) (Yahoo error = "No data found, symbol may be delisted")
Got error from yahoo api for ticker LCA, Error: {'code': 'Not Found', 'description': 'No data found, symbol may be delisted'}
$LCA: possibly delisted; no timezone found
Got error from yahoo api for ticker LCAHU, Error: {'code': 'Not Found', 'description': 'No data found, symbol may be delisted'}
$LCAHU: possibly delisted; no timezone found
Got error from yahoo api for ticker LCAHW, Error: {'code': 'Not Found', 'description': 'No data found, symbol may be delisted'}
$LCAHW: possibly delisted; no timezone found
Got error from yahoo api for ticker LCI, Error: {'code': 'Not Found', 'description': 'No data found, symbol may be delisted'}
$LCI: possibly delisted; no timezone found
$LCM: possibly delisted; no price data found  (1d 2017-11-10 -> 2026-08-23)
$LDF: possibly delisted; no price data found  (1d 2018-11-21 -> 2026-08-23) (Yahoo error = "No data found, symbol may be delisted")
Got error from yahoo api for ticker LDL, Error: {'code': 'Not Found', 'description': 'No data found, symbol may be delisted'}
$LDL: possibly delisted; no timezone found
$LDR: possibly delisted; no price data found  (1d 2017-10-18 -> 2026-08-23)
$LEAD: possibly delisted; no price data found  (1d 2026-07-21 -> 2026-08-23)
Got error from yahoo api for ticker LEJU, Error: {'code': 'Not Found', 'description': 'No data found, symbol may be delisted'}
$LEJU: possibly delisted; no timezone found
Got error from yahoo api for ticker LEXEA, Error: {'code': 'Not Found', 'description': 'No data found, symbol may be delisted'}
$LEXEA: possibly delisted; no timezone found
Got error from yahoo api for ticker LEXEB, Error: {'code': 'Not Found', 'description': 'No data found, symbol may be delisted'}
$LEXEB: possibly delisted; no timezone found
Got error from yahoo api for ticker LFC, Error: {'code': 'Not Found', 'description': 'No data found, symbol may be delisted'}
$LFC: possibly delisted; no timezone found
$LFGR: possibly delisted; no price data found  (1d 2017-11-10 -> 2026-08-23)
Got error from yahoo api for ticker LGCYO, Error: {'code': 'Not Found', 'description': 'No data found, symbol may be delisted'}
$LGCYO: possibly delisted; no timezone found
Got error from yahoo api for ticker LGCYP, Error: {'code': 'Not Found', 'description': 'No data found, symbol may be delisted'}
$LGCYP: possibly delisted; no timezone found
Got error from yahoo api for ticker LGF-A, Error: {'code': 'Not Found', 'description': 'No data found, symbol may be delisted'}
$LGF-A: possibly delisted; no timezone found
Got error from yahoo api for ticker LGF-B, Error: {'code': 'Not Found', 'description': 'No data found, symbol may be delisted'}
$LGF-B: possibly delisted; no timezone found
Got error from yahoo api for ticker LGLR, Error: {'code': 'Not Found', 'description': 'No data found, symbol may be delisted'}
$LGLR: possibly delisted; no timezone found
Got error from yahoo api for ticker LHCG, Error: {'code': 'Not Found', 'description': 'No data found, symbol may be delisted'}
$LHCG: possibly delisted; no timezone found
$LHO: possibly delisted; no price data found  (1d 2018-11-30 -> 2026-08-23) (Yahoo error = "No data found, symbol may be delisted")
Got error from yahoo api for ticker LHO_I, Error: {'code': 'Not Found', 'description': 'No data found, symbol may be delisted'}
$LHO_I: possibly delisted; no timezone found
Got error from yahoo api for ticker LHO_J, Error: {'code': 'Not Found', 'description': 'No data found, symbol may be delisted'}
$LHO_J: possibly delisted; no timezone found
Got error from yahoo api for ticker LINDW, Error: {'code': 'Not Found', 'description': 'No data found, symbol may be delisted'}
$LINDW: possibly delisted; no timezone found
$LINU: possibly delisted; no price data found  (1d 2017-11-10 -> 2026-08-23)
Got error from yahoo api for ticker LJPC, Error: {'code': 'Not Found', 'description': 'No data found, symbol may be delisted'}
$LJPC: possibly delisted; no timezone found
Got error from yahoo api for ticker LKSD, Error: {'code': 'Not Found', 'description': 'No data found, symbol may be delisted'}
$LKSD: possibly delisted; no timezone found
Got error from yahoo api for ticker LL, Error: {'code': 'Not Found', 'description': 'No data found, symbol may be delisted'}
$LL: possibly delisted; no timezone found
Got error from yahoo api for ticker LLEX, Error: {'code': 'Not Found', 'description': 'No data found, symbol may be delisted'}
$LLEX: possibly delisted; no timezone found
Got error from yahoo api for ticker LLIT, Error: {'code': 'Not Found', 'description': 'No data found, symbol may be delisted'}
$LLIT: possibly delisted; no timezone found
Got error from yahoo api for ticker LLL, Error: {'code': 'Not Found', 'description': 'No data found, symbol may be delisted'}
$LLL: possibly delisted; no timezone found
Got error from yahoo api for ticker LLNW, Error: {'code': 'Not Found', 'description': 'No data found, symbol may be delisted'}
$LLNW: possibly delisted; no timezone found
Got error from yahoo api for ticker LM, Error: {'code': 'Not Found', 'description': 'No data found, symbol may be delisted'}
$LM: possibly delisted; no timezone found
Got error from yahoo api for ticker LMFAW, Error: {'code': 'Not Found', 'description': 'No data found, symbol may be delisted'}
$LMFAW: possibly delisted; no timezone found
$LMOS: possibly delisted; no price data found  (1d 2017-11-10 -> 2026-08-23)
Got error from yahoo api for ticker LMRK, Error: {'code': 'Not Found', 'description': 'No data found, symbol may be delisted'}
$LMRK: possibly delisted; no timezone found
Got error from yahoo api for ticker LMRKO, Error: {'code': 'Not Found', 'description': 'No data found, symbol may be delisted'}
$LMRKO: possibly delisted; no timezone found
Got error from yahoo api for ticker LMRKP, Error: {'code': 'Not Found', 'description': 'No data found, symbol may be delisted'}
$LMRKP: possibly delisted; no timezone found
Got error from yahoo api for ticker LN, Error: {'code': 'Not Found', 'description': 'No data found, symbol may be delisted'}
$LN: possibly delisted; no timezone found
Got error from yahoo api for ticker LNC-WS, Error: {'code': 'Not Found', 'description': 'No data found, symbol may be delisted'}
$LNC-WS: possibly delisted; no timezone found
$LNCE: possibly delisted; no price data found  (1d 2017-11-10 -> 2026-08-23)
Got error from yahoo api for ticker LNDC, Error: {'code': 'Not Found', 'description': 'No data found, symbol may be delisted'}
$LNDC: possibly delisted; no timezone found
Got error from yahoo api for ticker LOGM, Error: {'code': 'Not Found', 'description': 'No data found, symbol may be delisted'}
$LOGM: possibly delisted; no timezone found
Got error from yahoo api for ticker LONE, Error: {'code': 'Not Found', 'description': 'No data found, symbol may be delisted'}
$LONE: possibly delisted; no timezone found
Got error from yahoo api for ticker LOR, Error: {'code': 'Not Found', 'description': 'No data found, symbol may be delisted'}
$LOR: possibly delisted; no timezone found
Got error from yahoo api for ticker LORL, Error: {'code': 'Not Found', 'description': 'No data found, symbol may be delisted'}
$LORL: possibly delisted; no timezone found
Got error from yahoo api for ticker LOV, Error: {'code': 'Not Found', 'description': 'No data found, symbol may be delisted'}
$LOV: possibly delisted; no timezone found
Got error from yahoo api for ticker LOVW, Error: {'code': 'Not Found', 'description': 'No data found, symbol may be delisted'}
$LOVW: possibly delisted; no timezone found
Got error from yahoo api for ticker LOXO, Error: {'code': 'Not Found', 'description': 'No data found, symbol may be delisted'}
$LOXO: possibly delisted; no timezone found
Got error from yahoo api for ticker LPI, Error: {'code': 'Not Found', 'description': 'No data found, symbol may be delisted'}
$LPI: possibly delisted; no timezone found
$LPNT: possibly delisted; no price data found  (1d 2017-11-10 -> 2026-08-23)
Got error from yahoo api for ticker LPT, Error: {'code': 'Not Found', 'description': 'No data found, symbol may be delisted'}
$LPT: possibly delisted; no timezone found
Got error from yahoo api for ticker LPTX, Error: {'code': 'Not Found', 'description': 'No data found, symbol may be delisted'}
$LPTX: possibly delisted; no timezone found
Got error from yahoo api for ticker LRAD, Error: {'code': 'Not Found', 'description': 'No data found, symbol may be delisted'}
$LRAD: possibly delisted; no timezone found
$LRET: possibly delisted; no price data found  (1d 2020-04-01 -> 2026-08-23)
Got error from yahoo api for ticker LSI, Error: {'code': 'Not Found', 'description': 'No data found, symbol may be delisted'}
$LSI: possibly delisted; no timezone found
Got error from yahoo api for ticker LSXMA, Error: {'code': 'Not Found', 'description': 'No data found, symbol may be delisted'}
$LSXMA: possibly delisted; no timezone found
Got error from yahoo api for ticker LSXMB, Error: {'code': 'Not Found', 'description': 'No data found, symbol may be delisted'}
$LSXMB: possibly delisted; no timezone found
Got error from yahoo api for ticker LSXMK, Error: {'code': 'Not Found', 'description': 'No data found, symbol may be delisted'}
$LSXMK: possibly delisted; no timezone found
$LTEA: possibly delisted; no price data found  (1d 2017-11-10 -> 2026-08-23)
Got error from yahoo api for ticker LTRPA, Error: {'code': 'Not Found', 'description': 'No data found, symbol may be delisted'}
$LTRPA: possibly delisted; no timezone found
Got error from yahoo api for ticker LTRPB, Error: {'code': 'Not Found', 'description': 'No data found, symbol may be delisted'}
$LTRPB: possibly delisted; no timezone found
Got error from yahoo api for ticker LTS, Error: {'code': 'Not Found', 'description': 'No data found, symbol may be delisted'}
$LTS: possibly delisted; no timezone found
Got error from yahoo api for ticker LTS_A, Error: {'code': 'Not Found', 'description': 'No data found, symbol may be delisted'}
$LTS_A: possibly delisted; no timezone found
Got error from yahoo api for ticker LTXB, Error: {'code': 'Not Found', 'description': 'No data found, symbol may be delisted'}
$LTXB: possibly delisted; no timezone found
Got error from yahoo api for ticker LUB, Error: {'code': 'Not Found', 'description': 'No data found, symbol may be delisted'}
$LUB: possibly delisted; no timezone found
Got error from yahoo api for ticker LUK, Error: {'code': 'Not Found', 'description': 'No data found, symbol may be delisted'}
$LUK: possibly delisted; no timezone found
$LVHE: possibly delisted; no price data found  (1d 2020-05-21 -> 2026-08-23)
$LVIN: possibly delisted; no price data found  (1d 2025-06-23 -> 2026-08-23)
$LVLT: possibly delisted; no price data found  (1d 2017-10-31 -> 2026-08-23)
$LVNTA: possibly delisted; no price data found  (1d 2017-11-10 -> 2026-08-23)
$LVNTB: possibly delisted; no price data found  (1d 2017-08-25 -> 2026-08-23)
$LVUS: possibly delisted; no price data found  (1d 2020-08-25 -> 2026-08-23)
Got error from yahoo api for ticker LXFT, Error: {'code': 'Not Found', 'description': 'No data found, symbol may be delisted'}
$LXFT: possibly delisted; no timezone found
Got error from yahoo api for ticker LXP_C, Error: {'code': 'Not Found', 'description': 'No data found, symbol may be delisted'}
$LXP_C: possibly delisted; no timezone found
Got error from yahoo api for ticker LYL, Error: {'code': 'Not Found', 'description': 'No data found, symbol may be delisted'}
$LYL: possibly delisted; no timezone found
Got error from yahoo api for ticker MAA_I, Error: {'code': 'Not Found', 'description': 'No data found, symbol may be delisted'}
$MAA_I: possibly delisted; no timezone found
$MAB: possibly delisted; no price data found  (1d 2017-11-10 -> 2026-08-23)
Got error from yahoo api for ticker MACK, Error: {'code': 'Not Found', 'description': 'No data found, symbol may be delisted'}
$MACK: possibly delisted; no timezone found
Got error from yahoo api for ticker MACQ, Error: {'code': 'Not Found', 'description': 'No data found, symbol may be delisted'}
$MACQ: possibly delisted; no timezone found
Got error from yahoo api for ticker MACQU, Error: {'code': 'Not Found', 'description': 'No data found, symbol may be delisted'}
$MACQU: possibly delisted; no timezone found
Got error from yahoo api for ticker MACQW, Error: {'code': 'Not Found', 'description': 'No data found, symbol may be delisted'}
$MACQW: possibly delisted; no timezone found
Got error from yahoo api for ticker MAG, Error: {'code': 'Not Found', 'description': 'No data found, symbol may be delisted'}
$MAG: possibly delisted; no timezone found
Got error from yahoo api for ticker MAMS, Error: {'code': 'Not Found', 'description': 'No data found, symbol may be delisted'}
$MAMS: possibly delisted; no timezone found
Got error from yahoo api for ticker MANT, Error: {'code': 'Not Found', 'description': 'No data found, symbol may be delisted'}
$MANT: possibly delisted; no timezone found
Got error from yahoo api for ticker MASI, Error: {'code': 'Not Found', 'description': 'No data found, symbol may be delisted'}
$MASI: possibly delisted; no timezone found
$MATR: possibly delisted; no price data found  (1d 2018-08-20 -> 2026-08-23)
Got error from yahoo api for ticker MAV, Error: {'code': 'Not Found', 'description': 'No data found, symbol may be delisted'}
$MAV: possibly delisted; no timezone found
Got error from yahoo api for ticker MAXR, Error: {'code': 'Not Found', 'description': 'No data found, symbol may be delisted'}
$MAXR: possibly delisted; no timezone found
Got error from yahoo api for ticker MBCN, Error: {'code': 'Not Found', 'description': 'No data found, symbol may be delisted'}
$MBCN: possibly delisted; no timezone found
Got error from yahoo api for ticker MBFI, Error: {'code': 'Not Found', 'description': 'No data found, symbol may be delisted'}
$MBFI: possibly delisted; no timezone found
$MBFIP: possibly delisted; no price data found  (1d 2018-02-23 -> 2026-08-23)
$MBG: possibly delisted; no price data found  (1d 2026-08-14 -> 2026-08-23) (Yahoo error = "No data found, symbol may be delisted")
Got error from yahoo api for ticker MBII, Error: {'code': 'Not Found', 'description': 'No data found, symbol may be delisted'}
$MBII: possibly delisted; no timezone found
Got error from yahoo api for ticker MBT, Error: {'code': 'Not Found', 'description': 'No data found, symbol may be delisted'}
$MBT: possibly delisted; no timezone found
Got error from yahoo api for ticker MBTF, Error: {'code': 'Not Found', 'description': 'No data found, symbol may be delisted'}
$MBTF: possibly delisted; no timezone found
Got error from yahoo api for ticker MBVX, Error: {'code': 'Not Found', 'description': 'No data found, symbol may be delisted'}
$MBVX: possibly delisted; no timezone found
Got error from yahoo api for ticker MCA, Error: {'code': 'Not Found', 'description': 'No data found, symbol may be delisted'}
$MCA: possibly delisted; no timezone found
Got error from yahoo api for ticker MCBC, Error: {'code': 'Not Found', 'description': 'No data found, symbol may be delisted'}
$MCBC: possibly delisted; no timezone found
Got error from yahoo api for ticker MCC, Error: {'code': 'Not Found', 'description': 'No data found, symbol may be delisted'}
$MCC: possibly delisted; no timezone found
Got error from yahoo api for ticker MCEP, Error: {'code': 'Not Found', 'description': 'No data found, symbol may be delisted'}
$MCEP: possibly delisted; no timezone found
Got error from yahoo api for ticker MCF, Error: {'code': 'Not Found', 'description': 'No data found, symbol may be delisted'}
$MCF: possibly delisted; no timezone found
Got error from yahoo api for ticker MCR, Error: {'code': 'Not Found', 'description': 'No data found, symbol may be delisted'}
$MCR: possibly delisted; no timezone found
Got error from yahoo api for ticker MCRN, Error: {'code': 'Not Found', 'description': 'No data found, symbol may be delisted'}
$MCRN: possibly delisted; no timezone found
Got error from yahoo api for ticker MCV, Error: {'code': 'Not Found', 'description': 'No data found, symbol may be delisted'}
$MCV: possibly delisted; no timezone found
Got error from yahoo api for ticker MDC, Error: {'code': 'Not Found', 'description': 'No data found, symbol may be delisted'}
$MDC: possibly delisted; no timezone found
Got error from yahoo api for ticker MDCA, Error: {'code': 'Not Found', 'description': 'No data found, symbol may be delisted'}
$MDCA: possibly delisted; no timezone found
Got error from yahoo api for ticker MDCO, Error: {'code': 'Not Found', 'description': 'No data found, symbol may be delisted'}
$MDCO: possibly delisted; no timezone found
Got error from yahoo api for ticker MDGS, Error: {'code': 'Not Found', 'description': 'No data found, symbol may be delisted'}
$MDGS: possibly delisted; no timezone found
Got error from yahoo api for ticker MDLY, Error: {'code': 'Not Found', 'description': 'No data found, symbol may be delisted'}
$MDLY: possibly delisted; no timezone found
Got error from yahoo api for ticker MDP, Error: {'code': 'Not Found', 'description': 'No data found, symbol may be delisted'}
$MDP: possibly delisted; no timezone found
Got error from yahoo api for ticker MDR, Error: {'code': 'Not Found', 'description': 'No data found, symbol may be delisted'}
$MDR: possibly delisted; no timezone found
Got error from yahoo api for ticker MDSO, Error: {'code': 'Not Found', 'description': 'No data found, symbol may be delisted'}
$MDSO: possibly delisted; no timezone found
Got error from yahoo api for ticker MDVX, Error: {'code': 'Not Found', 'description': 'No data found, symbol may be delisted'}
$MDVX: possibly delisted; no timezone found
Got error from yahoo api for ticker MDVXW, Error: {'code': 'Not Found', 'description': 'No data found, symbol may be delisted'}
$MDVXW: possibly delisted; no timezone found
Got error from yahoo api for ticker MEET, Error: {'code': 'Not Found', 'description': 'No data found, symbol may be delisted'}
$MEET: possibly delisted; no timezone found
Got error from yahoo api for ticker MEIP, Error: {'code': 'Not Found', 'description': 'No data found, symbol may be delisted'}
$MEIP: possibly delisted; no timezone found
Got error from yahoo api for ticker MELR, Error: {'code': 'Not Found', 'description': 'No data found, symbol may be delisted'}
$MELR: possibly delisted; no timezone found
Got error from yahoo api for ticker MEN, Error: {'code': 'Not Found', 'description': 'No data found, symbol may be delisted'}
$MEN: possibly delisted; no timezone found
$MENU: possibly delisted; no price data found  (1d 2017-10-12 -> 2026-08-23)
Got error from yahoo api for ticker MER_K, Error: {'code': 'Not Found', 'description': 'No data found, symbol may be delisted'}
$MER_K: possibly delisted; no timezone found
Got error from yahoo api for ticker MER_P, Error: {'code': 'Not Found', 'description': 'No data found, symbol may be delisted'}
$MER_P: possibly delisted; no timezone found
Got error from yahoo api for ticker MET_A, Error: {'code': 'Not Found', 'description': 'No data found, symbol may be delisted'}
$MET_A: possibly delisted; no timezone found
Got error from yahoo api for ticker MFA_B, Error: {'code': 'Not Found', 'description': 'No data found, symbol may be delisted'}
$MFA_B: possibly delisted; no timezone found
Got error from yahoo api for ticker MFCB, Error: {'code': 'Not Found', 'description': 'No data found, symbol may be delisted'}
$MFCB: possibly delisted; no timezone found
Got error from yahoo api for ticker MFD, Error: {'code': 'Not Found', 'description': 'No data found, symbol may be delisted'}
$MFD: possibly delisted; no timezone found
Got error from yahoo api for ticker MFGP, Error: {'code': 'Not Found', 'description': 'No data found, symbol may be delisted'}
$MFGP: possibly delisted; no timezone found
Got error from yahoo api for ticker MFINL, Error: {'code': 'Not Found', 'description': 'No data found, symbol may be delisted'}
$MFINL: possibly delisted; no timezone found
Got error from yahoo api for ticker MFL, Error: {'code': 'Not Found', 'description': 'No data found, symbol may be delisted'}
$MFL: possibly delisted; no timezone found
Got error from yahoo api for ticker MFNC, Error: {'code': 'Not Found', 'description': 'No data found, symbol may be delisted'}
$MFNC: possibly delisted; no timezone found
Got error from yahoo api for ticker MFO, Error: {'code': 'Not Found', 'description': 'No data found, symbol may be delisted'}
$MFO: possibly delisted; no timezone found
Got error from yahoo api for ticker MFSF, Error: {'code': 'Not Found', 'description': 'No data found, symbol may be delisted'}
$MFSF: possibly delisted; no timezone found
Got error from yahoo api for ticker MFT, Error: {'code': 'Not Found', 'description': 'No data found, symbol may be delisted'}
$MFT: possibly delisted; no timezone found
Got error from yahoo api for ticker MFV, Error: {'code': 'Not Found', 'description': 'No data found, symbol may be delisted'}
$MFV: possibly delisted; no timezone found
$MGCD: possibly delisted; no price data found  (1d 2017-11-10 -> 2026-08-23)
Got error from yahoo api for ticker MGEN, Error: {'code': 'Not Found', 'description': 'No data found, symbol may be delisted'}
$MGEN: possibly delisted; no timezone found
Got error from yahoo api for ticker MGI, Error: {'code': 'Not Found', 'description': 'No data found, symbol may be delisted'}
$MGI: possibly delisted; no timezone found
Got error from yahoo api for ticker MGIC, Error: {'code': 'Not Found', 'description': 'No data found, symbol may be delisted'}
$MGIC: possibly delisted; no timezone found
Got error from yahoo api for ticker MGLN, Error: {'code': 'Not Found', 'description': 'No data found, symbol may be delisted'}
$MGLN: possibly delisted; no timezone found
Got error from yahoo api for ticker MGP, Error: {'code': 'Not Found', 'description': 'No data found, symbol may be delisted'}
$MGP: possibly delisted; no timezone found
Got error from yahoo api for ticker MGU, Error: {'code': 'Not Found', 'description': 'No data found, symbol may be delisted'}
$MGU: possibly delisted; no timezone found
Got error from yahoo api for ticker MHE, Error: {'code': 'Not Found', 'description': 'No data found, symbol may be delisted'}
$MHE: possibly delisted; no timezone found
Got error from yahoo api for ticker MHI, Error: {'code': 'Not Found', 'description': 'No data found, symbol may be delisted'}
$MHI: possibly delisted; no timezone found
Got error from yahoo api for ticker MHLD, Error: {'code': 'Not Found', 'description': 'No data found, symbol may be delisted'}
$MHLD: possibly delisted; no timezone found
Got error from yahoo api for ticker MHN, Error: {'code': 'Not Found', 'description': 'No data found, symbol may be delisted'}
$MHN: possibly delisted; no timezone found
Got error from yahoo api for ticker MH_A, Error: {'code': 'Not Found', 'description': 'No data found, symbol may be delisted'}
$MH_A: possibly delisted; no timezone found
Got error from yahoo api for ticker MH_C, Error: {'code': 'Not Found', 'description': 'No data found, symbol may be delisted'}
$MH_C: possibly delisted; no timezone found
Got error from yahoo api for ticker MH_D, Error: {'code': 'Not Found', 'description': 'No data found, symbol may be delisted'}
$MH_D: possibly delisted; no timezone found
Got error from yahoo api for ticker MICT, Error: {'code': 'Not Found', 'description': 'No data found, symbol may be delisted'}
$MICT: possibly delisted; no timezone found
Got error from yahoo api for ticker MICTW, Error: {'code': 'Not Found', 'description': 'No data found, symbol may be delisted'}
$MICTW: possibly delisted; no timezone found
Got error from yahoo api for ticker MIE, Error: {'code': 'Not Found', 'description': 'No data found, symbol may be delisted'}
$MIE: possibly delisted; no timezone found
Got error from yahoo api for ticker MIII, Error: {'code': 'Not Found', 'description': 'No data found, symbol may be delisted'}
$MIII: possibly delisted; no timezone found
Got error from yahoo api for ticker MIIIU, Error: {'code': 'Not Found', 'description': 'No data found, symbol may be delisted'}
$MIIIU: possibly delisted; no timezone found
Got error from yahoo api for ticker MIIIW, Error: {'code': 'Not Found', 'description': 'No data found, symbol may be delisted'}
$MIIIW: possibly delisted; no timezone found
Got error from yahoo api for ticker MIK, Error: {'code': 'Not Found', 'description': 'No data found, symbol may be delisted'}
$MIK: possibly delisted; no timezone found
Got error from yahoo api for ticker MIME, Error: {'code': 'Not Found', 'description': 'No data found, symbol may be delisted'}
$MIME: possibly delisted; no timezone found
Got error from yahoo api for ticker MINDP, Error: {'code': 'Not Found', 'description': 'No data found, symbol may be delisted'}
$MINDP: possibly delisted; no timezone found
Got error from yahoo api for ticker MINI, Error: {'code': 'Not Found', 'description': 'No data found, symbol may be delisted'}
$MINI: possibly delisted; no timezone found
$MITL: possibly delisted; no price data found  (1d 2017-11-10 -> 2026-08-23)
Got error from yahoo api for ticker MITT_A, Error: {'code': 'Not Found', 'description': 'No data found, symbol may be delisted'}
$MITT_A: possibly delisted; no timezone found
Got error from yahoo api for ticker MITT_B, Error: {'code': 'Not Found', 'description': 'No data found, symbol may be delisted'}
$MITT_B: possibly delisted; no timezone found
$MIW: possibly delisted; no price data found  (1d 2018-12-18 -> 2026-08-23)
Got error from yahoo api for ticker MIXT, Error: {'code': 'Not Found', 'description': 'No data found, symbol may be delisted'}
$MIXT: possibly delisted; no timezone found
Got error from yahoo api for ticker MJCO, Error: {'code': 'Not Found', 'description': 'No data found, symbol may be delisted'}
$MJCO: possibly delisted; no timezone found
Got error from yahoo api for ticker MLHR, Error: {'code': 'Not Found', 'description': 'No data found, symbol may be delisted'}
$MLHR: possibly delisted; no timezone found
Got error from yahoo api for ticker MLNK, Error: {'code': 'Not Found', 'description': 'No data found, symbol may be delisted'}
$MLNK: possibly delisted; no timezone found
Got error from yahoo api for ticker MLNT, Error: {'code': 'Not Found', 'description': 'No data found, symbol may be delisted'}
$MLNT: possibly delisted; no timezone found
Got error from yahoo api for ticker MLNX, Error: {'code': 'Not Found', 'description': 'No data found, symbol may be delisted'}
$MLNX: possibly delisted; no timezone found
$MLPC: possibly delisted; no price data found  (1d 2020-11-09 -> 2026-08-23)
$MLPG: possibly delisted; no price data found  (1d 2020-11-30 -> 2026-08-23)
$MLPQ: possibly delisted; no price data found  (1d 2020-04-14 -> 2026-08-23)
Got error from yahoo api for ticker MLVF, Error: {'code': 'Not Found', 'description': 'No data found, symbol may be delisted'}
$MLVF: possibly delisted; no timezone found
Got error from yahoo api for ticker MMAC, Error: {'code': 'Not Found', 'description': 'No data found, symbol may be delisted'}
$MMAC: possibly delisted; no timezone found
Got error from yahoo api for ticker MMC, Error: {'code': 'Not Found', 'description': 'No data found, symbol may be delisted'}
$MMC: possibly delisted; no timezone found
Got error from yahoo api for ticker MMDM, Error: {'code': 'Not Found', 'description': 'No data found, symbol may be delisted'}
$MMDM: possibly delisted; no timezone found
Got error from yahoo api for ticker MMDMR, Error: {'code': 'Not Found', 'description': 'No data found, symbol may be delisted'}
$MMDMR: possibly delisted; no timezone found
Got error from yahoo api for ticker MMDMU, Error: {'code': 'Not Found', 'description': 'No data found, symbol may be delisted'}
$MMDMU: possibly delisted; no timezone found
Got error from yahoo api for ticker MMDMW, Error: {'code': 'Not Found', 'description': 'No data found, symbol may be delisted'}
$MMDMW: possibly delisted; no timezone found
Got error from yahoo api for ticker MMP, Error: {'code': 'Not Found', 'description': 'No data found, symbol may be delisted'}
$MMP: possibly delisted; no timezone found
Got error from yahoo api for ticker MMV, Error: {'code': 'Not Found', 'description': 'No data found, symbol may be delisted'}
$MMV: possibly delisted; no timezone found
Got error from yahoo api for ticker MN, Error: {'code': 'Not Found', 'description': 'No data found, symbol may be delisted'}
$MN: possibly delisted; no timezone found
Got error from yahoo api for ticker MNE, Error: {'code': 'Not Found', 'description': 'No data found, symbol may be delisted'}
$MNE: possibly delisted; no timezone found
Got error from yahoo api for ticker MNGA, Error: {'code': 'Not Found', 'description': 'No data found, symbol may be delisted'}
$MNGA: possibly delisted; no timezone found
Got error from yahoo api for ticker MNI, Error: {'code': 'Not Found', 'description': 'No data found, symbol may be delisted'}
$MNI: possibly delisted; no timezone found
Got error from yahoo api for ticker MNK, Error: {'code': 'Not Found', 'description': 'No data found, symbol may be delisted'}
$MNK: possibly delisted; no timezone found
Got error from yahoo api for ticker MNP, Error: {'code': 'Not Found', 'description': 'No data found, symbol may be delisted'}
$MNP: possibly delisted; no timezone found
Got error from yahoo api for ticker MNR_C, Error: {'code': 'Not Found', 'description': 'No data found, symbol may be delisted'}
$MNR_C: possibly delisted; no timezone found
Got error from yahoo api for ticker MNTA, Error: {'code': 'Not Found', 'description': 'No data found, symbol may be delisted'}
$MNTA: possibly delisted; no timezone found
Got error from yahoo api for ticker MNTX, Error: {'code': 'Not Found', 'description': 'No data found, symbol may be delisted'}
$MNTX: possibly delisted; no timezone found
Got error from yahoo api for ticker MOBL, Error: {'code': 'Not Found', 'description': 'No data found, symbol may be delisted'}
$MOBL: possibly delisted; no timezone found
Got error from yahoo api for ticker MOC, Error: {'code': 'Not Found', 'description': 'No data found, symbol may be delisted'}
$MOC: possibly delisted; no timezone found
Got error from yahoo api for ticker MODN, Error: {'code': 'Not Found', 'description': 'No data found, symbol may be delisted'}
$MODN: possibly delisted; no timezone found
Got error from yahoo api for ticker MOFG, Error: {'code': 'Not Found', 'description': 'No data found, symbol may be delisted'}
$MOFG: possibly delisted; no timezone found
Got error from yahoo api for ticker MOGLC, Error: {'code': 'Not Found', 'description': 'No data found, symbol may be delisted'}
$MOGLC: possibly delisted; no timezone found
Got error from yahoo api for ticker MOM, Error: {'code': 'Not Found', 'description': 'No data found, symbol may be delisted'}
$MOM: possibly delisted; no timezone found
Got error from yahoo api for ticker MON, Error: {'code': 'Not Found', 'description': 'No data found, symbol may be delisted'}
$MON: possibly delisted; no timezone found
Got error from yahoo api for ticker MOSC-U, Error: {'code': 'Not Found', 'description': 'No data found, symbol may be delisted'}
$MOSC-U: possibly delisted; no timezone found
Got error from yahoo api for ticker MOSY, Error: {'code': 'Not Found', 'description': 'No data found, symbol may be delisted'}
$MOSY: possibly delisted; no timezone found
Got error from yahoo api for ticker MOXC, Error: {'code': 'Not Found', 'description': 'No data found, symbol may be delisted'}
$MOXC: possibly delisted; no timezone found
Got error from yahoo api for ticker MPAC, Error: {'code': 'Not Found', 'description': 'No data found, symbol may be delisted'}
$MPAC: possibly delisted; no timezone found
Got error from yahoo api for ticker MPACU, Error: {'code': 'Not Found', 'description': 'No data found, symbol may be delisted'}
$MPACU: possibly delisted; no timezone found
Got error from yahoo api for ticker MPACW, Error: {'code': 'Not Found', 'description': 'No data found, symbol may be delisted'}
$MPACW: possibly delisted; no timezone found
Got error from yahoo api for ticker MPCT, Error: {'code': 'Not Found', 'description': 'No data found, symbol may be delisted'}
$MPCT: possibly delisted; no timezone found
Got error from yahoo api for ticker MPO, Error: {'code': 'Not Found', 'description': 'No data found, symbol may be delisted'}
$MPO: possibly delisted; no timezone found
Got error from yahoo api for ticker MPVD, Error: {'code': 'Not Found', 'description': 'No data found, symbol may be delisted'}
$MPVD: possibly delisted; no timezone found
Got error from yahoo api for ticker MPW, Error: {'code': 'Not Found', 'description': 'No data found, symbol may be delisted'}
$MPW: possibly delisted; no timezone found
Got error from yahoo api for ticker MP_D, Error: {'code': 'Not Found', 'description': 'No data found, symbol may be delisted'}
$MP_D: possibly delisted; no timezone found
Got error from yahoo api for ticker MQT, Error: {'code': 'Not Found', 'description': 'No data found, symbol may be delisted'}
$MQT: possibly delisted; no timezone found
Got error from yahoo api for ticker MRC, Error: {'code': 'Not Found', 'description': 'No data found, symbol may be delisted'}
$MRC: possibly delisted; no timezone found
Got error from yahoo api for ticker MRCC, Error: {'code': 'Not Found', 'description': 'No data found, symbol may be delisted'}
$MRCC: possibly delisted; no timezone found
Got error from yahoo api for ticker MRDNW, Error: {'code': 'Not Found', 'description': 'No data found, symbol may be delisted'}
$MRDNW: possibly delisted; no timezone found
Got error from yahoo api for ticker MRIN, Error: {'code': 'Not Found', 'description': 'No data found, symbol may be delisted'}
$MRIN: possibly delisted; no timezone found
Got error from yahoo api for ticker MRNS, Error: {'code': 'Not Found', 'description': 'No data found, symbol may be delisted'}
$MRNS: possibly delisted; no timezone found
Got error from yahoo api for ticker MRO, Error: {'code': 'Not Found', 'description': 'No data found, symbol may be delisted'}
$MRO: possibly delisted; no timezone found
$MRRL: possibly delisted; no price data found  (1d 2020-05-04 -> 2026-08-23)
Got error from yahoo api for ticker MRSN, Error: {'code': 'Not Found', 'description': 'No data found, symbol may be delisted'}
$MRSN: possibly delisted; no timezone found
Got error from yahoo api for ticker MRTX, Error: {'code': 'Not Found', 'description': 'No data found, symbol may be delisted'}
$MRTX: possibly delisted; no timezone found
Got error from yahoo api for ticker MRUS, Error: {'code': 'Not Found', 'description': 'No data found, symbol may be delisted'}
$MRUS: possibly delisted; no timezone found
Got error from yahoo api for ticker MSBF, Error: {'code': 'Not Found', 'description': 'No data found, symbol may be delisted'}
$MSBF: possibly delisted; no timezone found
$MSCA: possibly delisted; no price data found  (1d 2017-11-10 -> 2026-08-23)
$MSCC: possibly delisted; no price data found  (1d 2018-05-29 -> 2026-08-23)
$MSDI: possibly delisted; no price data found  (1d 2017-11-10 -> 2026-08-23)
Got error from yahoo api for ticker MSDIW, Error: {'code': 'Not Found', 'description': 'No data found, symbol may be delisted'}
$MSDIW: possibly delisted; no timezone found
Got error from yahoo api for ticker MSF, Error: {'code': 'Not Found', 'description': 'No data found, symbol may be delisted'}
$MSF: possibly delisted; no timezone found
$MSFG: possibly delisted; no price data found  (1d 2018-04-06 -> 2026-08-23)
Got error from yahoo api for ticker MSG, Error: {'code': 'Not Found', 'description': 'No data found, symbol may be delisted'}
$MSG: possibly delisted; no timezone found
Got error from yahoo api for ticker MSGN, Error: {'code': 'Not Found', 'description': 'No data found, symbol may be delisted'}
$MSGN: possibly delisted; no timezone found
Got error from yahoo api for ticker MSL, Error: {'code': 'Not Found', 'description': 'No data found, symbol may be delisted'}
$MSL: possibly delisted; no timezone found
Got error from yahoo api for ticker MSON, Error: {'code': 'Not Found', 'description': 'No data found, symbol may be delisted'}
$MSON: possibly delisted; no timezone found
Got error from yahoo api for ticker MSP, Error: {'code': 'Not Found', 'description': 'No data found, symbol may be delisted'}
$MSP: possibly delisted; no timezone found
Got error from yahoo api for ticker MS_A, Error: {'code': 'Not Found', 'description': 'No data found, symbol may be delisted'}
$MS_A: possibly delisted; no timezone found
